2026-05-17 23:29:09,831 [INFO] === Scheduler Web Analyzer iniciado ===
2026-05-17 23:29:09,831 [INFO] Publicara 1 articulo a las 08:00 y 20:00 ART (alternando auditoria/educativo)
2026-05-17 23:29:09,832 [INFO] Ejecucion inicial al arrancar...
2026-05-17 23:29:09,832 [INFO] === Web Analyzer — Generador de contenido === 2026-05-17T23:29:09.832379
2026-05-17 23:29:09,840 [INFO] Tipo: Post educativo
2026-05-17 23:29:09,841 [INFO] Post educativo: Formularios accesibles: no pierdas clientes por un input roto...
2026-05-17 23:29:11,059 [INFO]   Imagen subida: ID 169
2026-05-17 23:29:11,649 [INFO]   Publicado: https://webanalyzer.com.ar/web/formularios-accesibles-web/
2026-05-17 23:29:11,654 [INFO]   OK: https://webanalyzer.com.ar/web/formularios-accesibles-web/
2026-05-17 23:29:11,654 [INFO] === Resultado: OK ===

2026-05-17 23:50:31,864 [INFO] === Scheduler Web Analyzer iniciado ===
2026-05-17 23:50:31,865 [INFO] Publicara 1 articulo a las 08:00 y 20:00 ART (alternando auditoria/educativo)
2026-05-17 23:50:31,865 [INFO] Ejecucion inicial al arrancar...
2026-05-17 23:50:31,865 [INFO] === Web Analyzer — Generador de contenido === 2026-05-17T23:50:31.865305
2026-05-17 23:50:31,866 [INFO] Tipo: Post educativo
2026-05-17 23:50:31,866 [INFO] Post educativo: Imagenes responsive: una imagen para cada pantalla...
2026-05-17 23:50:33,098 [INFO]   Imagen subida: ID 178
2026-05-17 23:50:33,693 [INFO]   Publicado: https://webanalyzer.com.ar/web/imagenes-responsive-srcset/
2026-05-17 23:50:33,695 [INFO]   OK: https://webanalyzer.com.ar/web/imagenes-responsive-srcset/
2026-05-17 23:50:33,695 [INFO] === Resultado: OK ===

2026-05-18 08:00:33,197 [INFO] [2026-05-18 08:00:32] Ejecutando publicacion programada...
2026-05-18 08:00:33,370 [INFO] === Web Analyzer — Generador de contenido === 2026-05-18T08:00:33.352298
2026-05-18 08:00:33,473 [INFO] Tipo: Post educativo
2026-05-18 08:00:33,494 [INFO] Post educativo: JavaScript bloqueante: el asesino silencioso de tu velocidad...
2026-05-18 08:00:36,072 [INFO]   Imagen subida: ID 187
2026-05-18 08:00:39,075 [INFO]   Publicado: https://webanalyzer.com.ar/web/javascript-bloqueante-rendimiento/
2026-05-18 08:00:39,077 [INFO]   OK: https://webanalyzer.com.ar/web/javascript-bloqueante-rendimiento/
2026-05-18 08:00:39,077 [INFO] === Resultado: OK ===

2026-05-18 08:01:39,077 [INFO] [2026-05-18 08:01:39] Ejecutando publicacion programada...
2026-05-18 08:01:39,077 [INFO] === Web Analyzer — Generador de contenido === 2026-05-18T08:01:39.077837
2026-05-18 08:01:39,077 [INFO] Tipo: Post educativo
2026-05-18 08:01:39,078 [INFO] Post educativo: Plugins de WordPress: menos es mas...
2026-05-18 08:01:40,867 [INFO]   Imagen subida: ID 193
2026-05-18 08:01:41,996 [INFO]   Publicado: https://webanalyzer.com.ar/web/plugins-wordpress-menos-es-mas/
2026-05-18 08:01:41,998 [INFO]   OK: https://webanalyzer.com.ar/web/plugins-wordpress-menos-es-mas/
2026-05-18 08:01:41,998 [INFO] === Resultado: OK ===

2026-05-18 08:02:41,999 [INFO] [2026-05-18 08:02:41] Ejecutando publicacion programada...
2026-05-18 08:02:41,999 [INFO] === Web Analyzer — Generador de contenido === 2026-05-18T08:02:41.999483
2026-05-18 08:02:41,999 [INFO] Tipo: Post educativo
2026-05-18 08:02:42,000 [INFO] Post educativo: Mobile-first: si tu sitio no funciona en el celular, no existe...
2026-05-18 08:02:43,833 [INFO]   Imagen subida: ID 199
2026-05-18 08:02:44,744 [INFO]   Publicado: https://webanalyzer.com.ar/web/mobile-first-sitio-celular/
2026-05-18 08:02:44,746 [INFO]   OK: https://webanalyzer.com.ar/web/mobile-first-sitio-celular/
2026-05-18 08:02:44,746 [INFO] === Resultado: OK ===

2026-05-18 08:03:44,747 [INFO] [2026-05-18 08:03:44] Ejecutando publicacion programada...
2026-05-18 08:03:44,747 [INFO] === Web Analyzer — Generador de contenido === 2026-05-18T08:03:44.747879
2026-05-18 08:03:44,748 [INFO] Tipo: Post educativo
2026-05-18 08:03:44,748 [INFO] Post educativo: Call-to-action: como escribir botones que la gente aprieta...
2026-05-18 08:03:46,579 [INFO]   Imagen subida: ID 205
2026-05-18 08:03:47,472 [INFO]   Publicado: https://webanalyzer.com.ar/web/call-to-action-botones-efectivos/
2026-05-18 08:03:47,473 [INFO]   OK: https://webanalyzer.com.ar/web/call-to-action-botones-efectivos/
2026-05-18 08:03:47,474 [INFO] === Resultado: OK ===

2026-05-18 08:04:47,475 [INFO] [2026-05-18 08:04:47] Ejecutando publicacion programada...
2026-05-18 08:04:47,475 [INFO] === Web Analyzer — Generador de contenido === 2026-05-18T08:04:47.475082
2026-05-18 08:04:47,475 [INFO] Tipo: Auditoria
2026-05-18 08:04:47,510 [INFO] Intento 1/3: auditando www.cariverplate.com.ar (River Plate — Sitio Oficial)
2026-05-18 08:04:49,333 [INFO]   Promedio: 3.2/10 | Categorias: 5
2026-05-18 08:04:49,393 [INFO]   Publicando: River Plate — Sitio Oficial obtuvo 3.2/10 en nuestra auditoria web...
2026-05-18 08:04:51,175 [INFO]   Imagen subida: ID 211
2026-05-18 08:04:52,144 [INFO]   Publicado: https://webanalyzer.com.ar/web/river-plate-sitio-oficial/
2026-05-18 08:04:52,145 [INFO]   OK: https://webanalyzer.com.ar/web/river-plate-sitio-oficial/
2026-05-18 08:04:52,146 [INFO] === Resultado: OK ===

2026-05-18 20:00:52,889 [INFO] [2026-05-18 20:00:52] Ejecutando publicacion programada...
2026-05-18 20:00:52,968 [INFO] === Web Analyzer — Generador de contenido === 2026-05-18T20:00:52.967698
2026-05-18 20:00:53,090 [INFO] Tipo: Auditoria
2026-05-18 20:00:53,100 [INFO] Intento 1/3: auditando www.personal.com.ar (Personal Argentina)
2026-05-18 20:00:54,992 [INFO]   Promedio: 7.2/10 | Categorias: 5
2026-05-18 20:00:55,134 [INFO]   Publicando: ¿Personal Argentina pierde clientes? Análisis completo: 7.2/10...
2026-05-18 20:00:57,518 [INFO]   Imagen subida: ID 217
2026-05-18 20:01:00,613 [INFO]   Publicado: https://webanalyzer.com.ar/web/personal-argentina/
2026-05-18 20:01:00,639 [INFO]   OK: https://webanalyzer.com.ar/web/personal-argentina/
2026-05-18 20:01:00,640 [INFO] === Resultado: OK ===

2026-05-18 20:02:00,641 [INFO] [2026-05-18 20:02:00] Ejecutando publicacion programada...
2026-05-18 20:02:00,641 [INFO] === Web Analyzer — Generador de contenido === 2026-05-18T20:02:00.641086
2026-05-18 20:02:00,641 [INFO] Tipo: Post educativo
2026-05-18 20:02:00,642 [INFO] Post educativo: Schema markup: que es y por que tu web lo necesita...
2026-05-18 20:02:02,594 [INFO]   Imagen subida: ID 223
2026-05-18 20:02:03,703 [INFO]   Publicado: https://webanalyzer.com.ar/web/schema-markup-web/
2026-05-18 20:02:03,705 [INFO]   OK: https://webanalyzer.com.ar/web/schema-markup-web/
2026-05-18 20:02:03,705 [INFO] === Resultado: OK ===

2026-05-18 20:03:03,706 [INFO] [2026-05-18 20:03:03] Ejecutando publicacion programada...
2026-05-18 20:03:03,706 [INFO] === Web Analyzer — Generador de contenido === 2026-05-18T20:03:03.706743
2026-05-18 20:03:03,706 [INFO] Tipo: Auditoria
2026-05-18 20:03:03,707 [INFO] Intento 1/3: auditando www.latercera.com (La Tercera — Chile)
2026-05-18 20:03:05,584 [INFO]   Promedio: 7.4/10 | Categorias: 5
2026-05-18 20:03:05,618 [INFO]   Publicando: ¿La Tercera — Chile pierde clientes? Análisis completo: 7.4/10...
2026-05-18 20:03:07,440 [INFO]   Imagen subida: ID 229
2026-05-18 20:03:08,355 [INFO]   Publicado: https://webanalyzer.com.ar/web/la-tercera-chile/
2026-05-18 20:03:08,363 [INFO]   OK: https://webanalyzer.com.ar/web/la-tercera-chile/
2026-05-18 20:03:08,366 [INFO] === Resultado: OK ===

2026-05-18 20:04:08,368 [INFO] [2026-05-18 20:04:08] Ejecutando publicacion programada...
2026-05-18 20:04:08,368 [INFO] === Web Analyzer — Generador de contenido === 2026-05-18T20:04:08.368109
2026-05-18 20:04:08,368 [INFO] Tipo: Auditoria
2026-05-18 20:04:08,368 [INFO] Intento 1/3: auditando www.uol.com.br (UOL — Brasil)
2026-05-18 20:04:10,631 [INFO]   Promedio: 7.8/10 | Categorias: 5
2026-05-18 20:04:10,665 [INFO]   Publicando: Auditamos UOL — Brasil: saco 7.8/10 — ¿y tu sitio?...
2026-05-18 20:04:12,433 [INFO]   Imagen subida: ID 235
2026-05-18 20:04:13,371 [INFO]   Publicado: https://webanalyzer.com.ar/web/uol-brasil/
2026-05-18 20:04:13,373 [INFO]   OK: https://webanalyzer.com.ar/web/uol-brasil/
2026-05-18 20:04:13,374 [INFO] === Resultado: OK ===

2026-05-19 08:00:13,709 [INFO] [2026-05-19 08:00:13] Ejecutando publicacion programada...
2026-05-19 08:00:13,709 [INFO] === Web Analyzer — Generador de contenido === 2026-05-19T08:00:13.709171
2026-05-19 08:00:13,934 [INFO] Tipo: Post educativo
2026-05-19 08:00:13,934 [INFO] Post educativo: Copias de seguridad: la unica cosa que te separa del desastre...
2026-05-19 08:00:16,559 [INFO]   Imagen subida: ID 241
2026-05-19 08:00:19,812 [INFO]   Publicado: https://webanalyzer.com.ar/web/copias-seguridad-wordpress/
2026-05-19 08:00:19,813 [INFO]   OK: https://webanalyzer.com.ar/web/copias-seguridad-wordpress/
2026-05-19 08:00:19,813 [INFO] === Resultado: OK ===

2026-05-19 08:01:19,815 [INFO] [2026-05-19 08:01:19] Ejecutando publicacion programada...
2026-05-19 08:01:19,815 [INFO] === Web Analyzer — Generador de contenido === 2026-05-19T08:01:19.815479
2026-05-19 08:01:19,815 [INFO] Tipo: Auditoria
2026-05-19 08:01:19,816 [INFO] Intento 1/3: auditando www.bocajuniors.com.ar (Boca Juniors — Sitio Oficial)
2026-05-19 08:01:21,598 [INFO]   Promedio: 6.0/10 | Categorias: 5
2026-05-19 08:01:21,663 [INFO]   Publicando: Analizamos el sitio de Boca Juniors — Sitio Oficial — resultados sorpr...
2026-05-19 08:01:23,449 [INFO]   Imagen subida: ID 247
2026-05-19 08:01:24,804 [INFO]   Publicado: https://webanalyzer.com.ar/web/boca-juniors-sitio-oficial/
2026-05-19 08:01:24,807 [INFO]   OK: https://webanalyzer.com.ar/web/boca-juniors-sitio-oficial/
2026-05-19 08:01:24,809 [INFO] === Resultado: OK ===

2026-05-19 08:02:24,811 [INFO] [2026-05-19 08:02:24] Ejecutando publicacion programada...
2026-05-19 08:02:24,811 [INFO] === Web Analyzer — Generador de contenido === 2026-05-19T08:02:24.811187
2026-05-19 08:02:24,811 [INFO] Tipo: Auditoria
2026-05-19 08:02:24,811 [INFO] Intento 1/3: auditando www.lanacion.com.ar (La Nacion)
2026-05-19 08:02:26,901 [INFO]   Promedio: 7.6/10 | Categorias: 5
2026-05-19 08:02:26,937 [INFO]   Publicando: La Nacion obtuvo 7.6/10 en nuestra auditoria web...
2026-05-19 08:02:28,715 [INFO]   Imagen subida: ID 253
2026-05-19 08:02:29,638 [INFO]   Publicado: https://webanalyzer.com.ar/web/la-nacion/
2026-05-19 08:02:29,640 [INFO]   OK: https://webanalyzer.com.ar/web/la-nacion/
2026-05-19 08:02:29,641 [INFO] === Resultado: OK ===

2026-05-19 08:03:29,642 [INFO] [2026-05-19 08:03:29] Ejecutando publicacion programada...
2026-05-19 08:03:29,642 [INFO] === Web Analyzer — Generador de contenido === 2026-05-19T08:03:29.642895
2026-05-19 08:03:29,643 [INFO] Tipo: Post educativo
2026-05-19 08:03:29,643 [INFO] Post educativo: HTTPS: si tu sitio no tiene candado, perdes visitantes...
2026-05-19 08:03:31,436 [INFO]   Imagen subida: ID 259
2026-05-19 08:03:32,358 [INFO]   Publicado: https://webanalyzer.com.ar/web/https-candado-sitio-seguro/
2026-05-19 08:03:32,360 [INFO]   OK: https://webanalyzer.com.ar/web/https-candado-sitio-seguro/
2026-05-19 08:03:32,360 [INFO] === Resultado: OK ===

2026-05-19 08:04:32,362 [INFO] [2026-05-19 08:04:32] Ejecutando publicacion programada...
2026-05-19 08:04:32,362 [INFO] === Web Analyzer — Generador de contenido === 2026-05-19T08:04:32.362292
2026-05-19 08:04:32,362 [INFO] Tipo: Auditoria
2026-05-19 08:04:32,363 [INFO] Intento 1/3: auditando www.mercadolibre.com.ar (Mercado Libre Argentina)
2026-05-19 08:04:34,040 [INFO]   Promedio: 7.4/10 | Categorias: 5
2026-05-19 08:04:34,075 [INFO]   Publicando: Scorecard de Mercado Libre Argentina: 7.4 de 10. ¿El tuyo esta mejor?...
2026-05-19 08:04:35,758 [INFO]   Imagen subida: ID 265
2026-05-19 08:04:36,695 [INFO]   Publicado: https://webanalyzer.com.ar/web/mercado-libre-argentina/
2026-05-19 08:04:36,698 [INFO]   OK: https://webanalyzer.com.ar/web/mercado-libre-argentina/
2026-05-19 08:04:36,698 [INFO] === Resultado: OK ===

2026-05-19 09:33:09,913 [INFO] === Scheduler Web Analyzer iniciado ===
2026-05-19 09:33:09,943 [INFO] Publicara 1 articulo a las 08:00 y 20:00 ART (alternando auditoria/educativo)
2026-05-19 09:33:09,943 [INFO] Ejecucion inicial al arrancar...
2026-05-19 09:33:09,943 [INFO] === Web Analyzer — Generador de contenido === 2026-05-19T09:33:09.943467
2026-05-19 09:33:09,978 [INFO] Tipo: Auditoria
2026-05-19 09:33:09,978 [INFO] Intento 1/3: auditando www.stackoverflow.com (Stack Overflow)
2026-05-19 09:33:12,125 [INFO]   Promedio: 5.8/10 | Categorias: 5
2026-05-19 09:33:12,243 [INFO]   Publicando: Stack Overflow obtuvo 5.8/10 en nuestra auditoria web...
2026-05-19 09:33:14,093 [INFO]   Imagen subida: ID 271
2026-05-19 09:33:15,061 [INFO]   Publicado: https://webanalyzer.com.ar/web/stack-overflow/
2026-05-19 09:33:15,063 [INFO]   OK: https://webanalyzer.com.ar/web/stack-overflow/
2026-05-19 09:33:15,064 [INFO] === Resultado: OK ===

2026-05-19 20:00:15,362 [INFO] [2026-05-19 20:00:15] Ejecutando publicacion programada...
2026-05-19 20:00:15,364 [INFO] === Web Analyzer — Generador de contenido === 2026-05-19T20:00:15.364146
2026-05-19 20:00:15,402 [INFO] Tipo: Post educativo
2026-05-19 20:00:15,403 [INFO] Post educativo: Accesibilidad web: ¿tu sitio puede usarlo una persona ciega?...
2026-05-19 20:00:16,786 [INFO]   Imagen subida: ID 277
2026-05-19 20:00:19,452 [INFO]   Publicado: https://webanalyzer.com.ar/web/accesibilidad-web-auditoria/
2026-05-19 20:00:19,461 [INFO]   OK: https://webanalyzer.com.ar/web/accesibilidad-web-auditoria/
2026-05-19 20:00:19,461 [INFO] === Resultado: OK ===

2026-05-19 20:01:19,463 [INFO] [2026-05-19 20:01:19] Ejecutando publicacion programada...
2026-05-19 20:01:19,463 [INFO] === Web Analyzer — Generador de contenido === 2026-05-19T20:01:19.463847
2026-05-19 20:01:19,465 [INFO] Tipo: Auditoria
2026-05-19 20:01:19,469 [INFO] Intento 1/3: auditando www.github.com (GitHub)
2026-05-19 20:01:21,202 [INFO]   Promedio: 7.8/10 | Categorias: 5
2026-05-19 20:01:21,250 [INFO]   Publicando: Auditamos GitHub: saco 7.8/10 — ¿y tu sitio?...
2026-05-19 20:01:22,329 [INFO]   Imagen subida: ID 283
2026-05-19 20:01:22,922 [INFO]   Publicado: https://webanalyzer.com.ar/web/github/
2026-05-19 20:01:22,930 [INFO]   OK: https://webanalyzer.com.ar/web/github/
2026-05-19 20:01:22,934 [INFO] === Resultado: OK ===

2026-05-19 20:02:22,936 [INFO] [2026-05-19 20:02:22] Ejecutando publicacion programada...
2026-05-19 20:02:22,937 [INFO] === Web Analyzer — Generador de contenido === 2026-05-19T20:02:22.937491
2026-05-19 20:02:22,939 [INFO] Tipo: Auditoria
2026-05-19 20:02:22,941 [INFO] Intento 1/3: auditando www.eltiempo.com (El Tiempo — Colombia)
2026-05-19 20:02:24,814 [INFO]   Promedio: 7.0/10 | Categorias: 5
2026-05-19 20:02:24,846 [INFO]   Publicando: ¿El Tiempo — Colombia pierde clientes? Análisis completo: 7.0/10...
2026-05-19 20:02:26,305 [INFO]   Imagen subida: ID 289
2026-05-19 20:02:26,910 [INFO]   Publicado: https://webanalyzer.com.ar/web/el-tiempo-colombia/
2026-05-19 20:02:26,912 [INFO]   OK: https://webanalyzer.com.ar/web/el-tiempo-colombia/
2026-05-19 20:02:26,913 [INFO] === Resultado: OK ===

2026-05-19 20:03:26,914 [INFO] [2026-05-19 20:03:26] Ejecutando publicacion programada...
2026-05-19 20:03:26,914 [INFO] === Web Analyzer — Generador de contenido === 2026-05-19T20:03:26.914790
2026-05-19 20:03:26,918 [INFO] Tipo: Post educativo
2026-05-19 20:03:26,920 [INFO] Post educativo: 5 errores que matan el SEO de tu web (y como arreglarlos)...
2026-05-19 20:03:27,980 [INFO]   Imagen subida: ID 295
2026-05-19 20:03:28,577 [INFO]   Publicado: https://webanalyzer.com.ar/web/5-errores-seo-web/
2026-05-19 20:03:28,579 [INFO]   OK: https://webanalyzer.com.ar/web/5-errores-seo-web/
2026-05-19 20:03:28,579 [INFO] === Resultado: OK ===

2026-05-19 20:04:28,580 [INFO] [2026-05-19 20:04:28] Ejecutando publicacion programada...
2026-05-19 20:04:28,580 [INFO] === Web Analyzer — Generador de contenido === 2026-05-19T20:04:28.580714
2026-05-19 20:04:28,583 [INFO] Tipo: Auditoria
2026-05-19 20:04:28,586 [INFO] Intento 1/3: auditando www.eluniversal.com.mx (El Universal — Mexico)
2026-05-19 20:04:31,234 [INFO]   Promedio: 8.0/10 | Categorias: 5
2026-05-19 20:04:31,265 [INFO]   Publicando: ¿El Universal — Mexico pierde clientes? Análisis completo: 8.0/10...
2026-05-19 20:04:32,366 [INFO]   Imagen subida: ID 301
2026-05-19 20:04:33,005 [INFO]   Publicado: https://webanalyzer.com.ar/web/el-universal-mexico/
2026-05-19 20:04:33,011 [INFO]   OK: https://webanalyzer.com.ar/web/el-universal-mexico/
2026-05-19 20:04:33,012 [INFO] === Resultado: OK ===

2026-05-20 08:00:32,608 [INFO] [2026-05-20 08:00:32] Ejecutando publicacion programada...
2026-05-20 08:00:32,693 [INFO] === Web Analyzer — Generador de contenido === 2026-05-20T08:00:32.674583
2026-05-20 08:00:32,773 [INFO] Tipo: Auditoria
2026-05-20 08:00:32,795 [INFO] Intento 1/3: auditando one-piece.com (One Piece — Sitio Oficial)
2026-05-20 08:00:36,318 [INFO]   Promedio: 4.0/10 | Categorias: 5
2026-05-20 08:00:36,366 [INFO]   Publicando: One Piece — Sitio Oficial obtuvo 4.0/10 en nuestra auditoria web...
2026-05-20 08:00:37,019 [WARNING]   Imagen no subida (401): {"code":"rest_cannot_create","message":"Lo siento, no tienes permisos con este usuario para crear entradas. ","data":{"status":401}}
2026-05-20 08:00:37,604 [ERROR]   WP devolvio 401: {"code":"rest_cannot_create","message":"Lo siento, no tienes permisos con este usuario para crear entradas. ","data":{"status":401}}
2026-05-20 08:00:37,605 [WARNING]   WP fallo la publicacion (intento 1)
2026-05-20 08:00:37,606 [INFO] Intento 2/3: auditando one-piece.com (One Piece — Sitio Oficial)
2026-05-20 08:00:38,908 [INFO]   Promedio: 4.0/10 | Categorias: 5
2026-05-20 08:00:38,960 [INFO]   Publicando: One Piece — Sitio Oficial obtuvo 4.0/10 en nuestra auditoria web...
2026-05-20 08:00:39,538 [WARNING]   Imagen no subida (401): {"code":"rest_cannot_create","message":"Lo siento, no tienes permisos con este usuario para crear entradas. ","data":{"status":401}}
2026-05-20 08:00:40,147 [ERROR]   WP devolvio 401: {"code":"rest_cannot_create","message":"Lo siento, no tienes permisos con este usuario para crear entradas. ","data":{"status":401}}
2026-05-20 08:00:40,152 [WARNING]   WP fallo la publicacion (intento 2)
2026-05-20 08:00:40,154 [INFO] Intento 3/3: auditando one-piece.com (One Piece — Sitio Oficial)
2026-05-20 08:00:41,401 [INFO]   Promedio: 4.0/10 | Categorias: 5
2026-05-20 08:00:41,435 [INFO]   Publicando: One Piece — Sitio Oficial obtuvo 4.0/10 en nuestra auditoria web...
2026-05-20 08:00:42,043 [WARNING]   Imagen no subida (401): {"code":"rest_cannot_create","message":"Lo siento, no tienes permisos con este usuario para crear entradas. ","data":{"status":401}}
2026-05-20 08:00:42,609 [ERROR]   WP devolvio 401: {"code":"rest_cannot_create","message":"Lo siento, no tienes permisos con este usuario para crear entradas. ","data":{"status":401}}
2026-05-20 08:00:42,611 [WARNING]   WP fallo la publicacion (intento 3)
2026-05-20 08:00:42,612 [ERROR] FALLO tras 3 intentos de auditoria.
2026-05-20 08:00:42,613 [INFO] === Resultado: FALLO ===

2026-05-20 08:01:42,614 [INFO] [2026-05-20 08:01:42] Ejecutando publicacion programada...
2026-05-20 08:01:42,614 [INFO] === Web Analyzer — Generador de contenido === 2026-05-20T08:01:42.614955
2026-05-20 08:01:42,616 [INFO] Tipo: Auditoria
2026-05-20 08:01:42,616 [INFO] Intento 1/3: auditando one-piece.com (One Piece — Sitio Oficial)
2026-05-20 08:01:43,937 [INFO]   Promedio: 4.0/10 | Categorias: 5
2026-05-20 08:01:43,996 [INFO]   Publicando: Auditamos One Piece — Sitio Oficial: saco 4.0/10 — ¿y tu sitio?...
2026-05-20 08:01:44,584 [WARNING]   Imagen no subida (401): {"code":"rest_cannot_create","message":"Lo siento, no tienes permisos con este usuario para crear entradas. ","data":{"status":401}}
2026-05-20 08:01:45,153 [ERROR]   WP devolvio 401: {"code":"rest_cannot_create","message":"Lo siento, no tienes permisos con este usuario para crear entradas. ","data":{"status":401}}
2026-05-20 08:01:45,157 [WARNING]   WP fallo la publicacion (intento 1)
2026-05-20 08:01:45,159 [INFO] Intento 2/3: auditando one-piece.com (One Piece — Sitio Oficial)
2026-05-20 08:01:46,641 [INFO]   Promedio: 4.0/10 | Categorias: 5
2026-05-20 08:01:46,684 [INFO]   Publicando: Scorecard de One Piece — Sitio Oficial: 4.0 de 10. ¿El tuyo esta mejor...
2026-05-20 08:01:47,230 [WARNING]   Imagen no subida (401): {"code":"rest_cannot_create","message":"Lo siento, no tienes permisos con este usuario para crear entradas. ","data":{"status":401}}
2026-05-20 08:01:47,838 [ERROR]   WP devolvio 401: {"code":"rest_cannot_create","message":"Lo siento, no tienes permisos con este usuario para crear entradas. ","data":{"status":401}}
2026-05-20 08:01:47,842 [WARNING]   WP fallo la publicacion (intento 2)
2026-05-20 08:01:47,844 [INFO] Intento 3/3: auditando one-piece.com (One Piece — Sitio Oficial)
2026-05-20 08:01:49,125 [INFO]   Promedio: 4.0/10 | Categorias: 5
2026-05-20 08:01:49,172 [INFO]   Publicando: Analizamos el sitio de One Piece — Sitio Oficial — resultados sorprend...
2026-05-20 08:01:49,703 [WARNING]   Imagen no subida (401): {"code":"rest_cannot_create","message":"Lo siento, no tienes permisos con este usuario para crear entradas. ","data":{"status":401}}
2026-05-20 08:01:50,317 [ERROR]   WP devolvio 401: {"code":"rest_cannot_create","message":"Lo siento, no tienes permisos con este usuario para crear entradas. ","data":{"status":401}}
2026-05-20 08:01:50,319 [WARNING]   WP fallo la publicacion (intento 3)
2026-05-20 08:01:50,319 [ERROR] FALLO tras 3 intentos de auditoria.
2026-05-20 08:01:50,320 [INFO] === Resultado: FALLO ===

2026-05-20 08:02:50,323 [INFO] [2026-05-20 08:02:50] Ejecutando publicacion programada...
2026-05-20 08:02:50,323 [INFO] === Web Analyzer — Generador de contenido === 2026-05-20T08:02:50.323077
2026-05-20 08:02:50,326 [INFO] Tipo: Auditoria
2026-05-20 08:02:50,328 [INFO] Intento 1/3: auditando one-piece.com (One Piece — Sitio Oficial)
2026-05-20 08:02:51,691 [INFO]   Promedio: 4.0/10 | Categorias: 5
2026-05-20 08:02:51,720 [INFO]   Publicando: Analizamos el sitio de One Piece — Sitio Oficial — resultados sorprend...
2026-05-20 08:02:52,310 [WARNING]   Imagen no subida (401): {"code":"rest_cannot_create","message":"Lo siento, no tienes permisos con este usuario para crear entradas. ","data":{"status":401}}
2026-05-20 08:02:52,910 [ERROR]   WP devolvio 401: {"code":"rest_cannot_create","message":"Lo siento, no tienes permisos con este usuario para crear entradas. ","data":{"status":401}}
2026-05-20 08:02:52,911 [WARNING]   WP fallo la publicacion (intento 1)
2026-05-20 08:02:52,912 [INFO] Intento 2/3: auditando one-piece.com (One Piece — Sitio Oficial)
2026-05-20 08:02:54,202 [INFO]   Promedio: 4.0/10 | Categorias: 5
2026-05-20 08:02:54,259 [INFO]   Publicando: Analizamos el sitio de One Piece — Sitio Oficial — resultados sorprend...
2026-05-20 08:02:54,802 [WARNING]   Imagen no subida (401): {"code":"rest_cannot_create","message":"Lo siento, no tienes permisos con este usuario para crear entradas. ","data":{"status":401}}
2026-05-20 08:02:55,343 [ERROR]   WP devolvio 401: {"code":"rest_cannot_create","message":"Lo siento, no tienes permisos con este usuario para crear entradas. ","data":{"status":401}}
2026-05-20 08:02:55,345 [WARNING]   WP fallo la publicacion (intento 2)
2026-05-20 08:02:55,345 [INFO] Intento 3/3: auditando one-piece.com (One Piece — Sitio Oficial)
2026-05-20 08:02:56,611 [INFO]   Promedio: 4.0/10 | Categorias: 5
2026-05-20 08:02:56,688 [INFO]   Publicando: Auditamos One Piece — Sitio Oficial: saco 4.0/10 — ¿y tu sitio?...
2026-05-20 08:02:57,235 [WARNING]   Imagen no subida (401): {"code":"rest_cannot_create","message":"Lo siento, no tienes permisos con este usuario para crear entradas. ","data":{"status":401}}
2026-05-20 08:02:57,756 [ERROR]   WP devolvio 401: {"code":"rest_cannot_create","message":"Lo siento, no tienes permisos con este usuario para crear entradas. ","data":{"status":401}}
2026-05-20 08:02:57,761 [WARNING]   WP fallo la publicacion (intento 3)
2026-05-20 08:02:57,762 [ERROR] FALLO tras 3 intentos de auditoria.
2026-05-20 08:02:57,766 [INFO] === Resultado: FALLO ===

2026-05-20 08:03:57,768 [INFO] [2026-05-20 08:03:57] Ejecutando publicacion programada...
2026-05-20 08:03:57,768 [INFO] === Web Analyzer — Generador de contenido === 2026-05-20T08:03:57.768875
2026-05-20 08:03:57,771 [INFO] Tipo: Auditoria
2026-05-20 08:03:57,773 [INFO] Intento 1/3: auditando one-piece.com (One Piece — Sitio Oficial)
2026-05-20 08:03:59,132 [INFO]   Promedio: 4.0/10 | Categorias: 5
2026-05-20 08:03:59,180 [INFO]   Publicando: Scorecard de One Piece — Sitio Oficial: 4.0 de 10. ¿El tuyo esta mejor...
2026-05-20 08:03:59,772 [WARNING]   Imagen no subida (401): {"code":"rest_cannot_create","message":"Lo siento, no tienes permisos con este usuario para crear entradas. ","data":{"status":401}}
2026-05-20 08:04:00,318 [ERROR]   WP devolvio 401: {"code":"rest_cannot_create","message":"Lo siento, no tienes permisos con este usuario para crear entradas. ","data":{"status":401}}
2026-05-20 08:04:00,319 [WARNING]   WP fallo la publicacion (intento 1)
2026-05-20 08:04:00,321 [INFO] Intento 2/3: auditando one-piece.com (One Piece — Sitio Oficial)
2026-05-20 08:04:01,698 [INFO]   Promedio: 4.0/10 | Categorias: 5
2026-05-20 08:04:01,765 [INFO]   Publicando: Analizamos el sitio de One Piece — Sitio Oficial — resultados sorprend...
2026-05-20 08:04:02,325 [WARNING]   Imagen no subida (401): {"code":"rest_cannot_create","message":"Lo siento, no tienes permisos con este usuario para crear entradas. ","data":{"status":401}}
2026-05-20 08:04:02,901 [ERROR]   WP devolvio 401: {"code":"rest_cannot_create","message":"Lo siento, no tienes permisos con este usuario para crear entradas. ","data":{"status":401}}
2026-05-20 08:04:02,903 [WARNING]   WP fallo la publicacion (intento 2)
2026-05-20 08:04:02,903 [INFO] Intento 3/3: auditando one-piece.com (One Piece — Sitio Oficial)
2026-05-20 08:04:04,141 [INFO]   Promedio: 4.0/10 | Categorias: 5
2026-05-20 08:04:04,180 [INFO]   Publicando: ¿One Piece — Sitio Oficial pierde clientes? Análisis completo: 4.0/10...
2026-05-20 08:04:04,731 [WARNING]   Imagen no subida (401): {"code":"rest_cannot_create","message":"Lo siento, no tienes permisos con este usuario para crear entradas. ","data":{"status":401}}
2026-05-20 08:04:05,278 [ERROR]   WP devolvio 401: {"code":"rest_cannot_create","message":"Lo siento, no tienes permisos con este usuario para crear entradas. ","data":{"status":401}}
2026-05-20 08:04:05,279 [WARNING]   WP fallo la publicacion (intento 3)
2026-05-20 08:04:05,279 [ERROR] FALLO tras 3 intentos de auditoria.
2026-05-20 08:04:05,280 [INFO] === Resultado: FALLO ===

2026-05-20 20:00:05,650 [INFO] [2026-05-20 20:00:05] Ejecutando publicacion programada...
2026-05-20 20:00:05,683 [INFO] === Web Analyzer — Generador de contenido === 2026-05-20T20:00:05.683319
2026-05-20 20:00:05,722 [INFO] Tipo: Auditoria
2026-05-20 20:00:05,726 [INFO] Intento 1/3: auditando one-piece.com (One Piece — Sitio Oficial)
2026-05-20 20:00:08,964 [INFO]   Promedio: 4.0/10 | Categorias: 5
2026-05-20 20:00:09,056 [INFO]   Publicando: Scorecard de One Piece — Sitio Oficial: 4.0 de 10. ¿El tuyo esta mejor...
2026-05-20 20:00:10,196 [WARNING]   Imagen no subida (401): {"code":"rest_cannot_create","message":"Lo siento, no tienes permisos con este usuario para crear entradas. ","data":{"status":401}}
2026-05-20 20:00:12,402 [ERROR]   WP devolvio 401: {"code":"rest_cannot_create","message":"Lo siento, no tienes permisos con este usuario para crear entradas. ","data":{"status":401}}
2026-05-20 20:00:12,404 [WARNING]   WP fallo la publicacion (intento 1)
2026-05-20 20:00:12,404 [INFO] Intento 2/3: auditando one-piece.com (One Piece — Sitio Oficial)
2026-05-20 20:00:13,792 [INFO]   Promedio: 4.0/10 | Categorias: 5
2026-05-20 20:00:13,820 [INFO]   Publicando: ¿One Piece — Sitio Oficial pierde clientes? Análisis completo: 4.0/10...
2026-05-20 20:00:14,702 [WARNING]   Imagen no subida (401): {"code":"rest_cannot_create","message":"Lo siento, no tienes permisos con este usuario para crear entradas. ","data":{"status":401}}
2026-05-20 20:00:15,626 [ERROR]   WP devolvio 401: {"code":"rest_cannot_create","message":"Lo siento, no tienes permisos con este usuario para crear entradas. ","data":{"status":401}}
2026-05-20 20:00:15,627 [WARNING]   WP fallo la publicacion (intento 2)
2026-05-20 20:00:15,628 [INFO] Intento 3/3: auditando one-piece.com (One Piece — Sitio Oficial)
2026-05-20 20:00:16,889 [INFO]   Promedio: 4.0/10 | Categorias: 5
2026-05-20 20:00:16,918 [INFO]   Publicando: One Piece — Sitio Oficial obtuvo 4.0/10 en nuestra auditoria web...
2026-05-20 20:00:17,915 [WARNING]   Imagen no subida (401): {"code":"rest_cannot_create","message":"Lo siento, no tienes permisos con este usuario para crear entradas. ","data":{"status":401}}
2026-05-20 20:00:18,828 [ERROR]   WP devolvio 401: {"code":"rest_cannot_create","message":"Lo siento, no tienes permisos con este usuario para crear entradas. ","data":{"status":401}}
2026-05-20 20:00:18,829 [WARNING]   WP fallo la publicacion (intento 3)
2026-05-20 20:00:18,829 [ERROR] FALLO tras 3 intentos de auditoria.
2026-05-20 20:00:18,831 [INFO] === Resultado: FALLO ===

2026-05-20 20:01:18,831 [INFO] [2026-05-20 20:01:18] Ejecutando publicacion programada...
2026-05-20 20:01:18,832 [INFO] === Web Analyzer — Generador de contenido === 2026-05-20T20:01:18.832842
2026-05-20 20:01:18,835 [INFO] Tipo: Auditoria
2026-05-20 20:01:18,837 [INFO] Intento 1/3: auditando one-piece.com (One Piece — Sitio Oficial)
2026-05-20 20:01:20,090 [INFO]   Promedio: 4.0/10 | Categorias: 5
2026-05-20 20:01:20,141 [INFO]   Publicando: Analizamos el sitio de One Piece — Sitio Oficial — resultados sorprend...
2026-05-20 20:01:21,058 [WARNING]   Imagen no subida (401): {"code":"rest_cannot_create","message":"Lo siento, no tienes permisos con este usuario para crear entradas. ","data":{"status":401}}
2026-05-20 20:01:21,898 [ERROR]   WP devolvio 401: {"code":"rest_cannot_create","message":"Lo siento, no tienes permisos con este usuario para crear entradas. ","data":{"status":401}}
2026-05-20 20:01:21,904 [WARNING]   WP fallo la publicacion (intento 1)
2026-05-20 20:01:21,906 [INFO] Intento 2/3: auditando one-piece.com (One Piece — Sitio Oficial)
2026-05-20 20:01:23,235 [INFO]   Promedio: 4.0/10 | Categorias: 5
2026-05-20 20:01:23,305 [INFO]   Publicando: One Piece — Sitio Oficial obtuvo 4.0/10 en nuestra auditoria web...
2026-05-20 20:01:24,184 [WARNING]   Imagen no subida (401): {"code":"rest_cannot_create","message":"Lo siento, no tienes permisos con este usuario para crear entradas. ","data":{"status":401}}
2026-05-20 20:01:25,035 [ERROR]   WP devolvio 401: {"code":"rest_cannot_create","message":"Lo siento, no tienes permisos con este usuario para crear entradas. ","data":{"status":401}}
2026-05-20 20:01:25,036 [WARNING]   WP fallo la publicacion (intento 2)
2026-05-20 20:01:25,036 [INFO] Intento 3/3: auditando one-piece.com (One Piece — Sitio Oficial)
2026-05-20 20:01:27,000 [INFO]   Promedio: 4.0/10 | Categorias: 5
2026-05-20 20:01:27,046 [INFO]   Publicando: Scorecard de One Piece — Sitio Oficial: 4.0 de 10. ¿El tuyo esta mejor...
2026-05-20 20:01:27,957 [WARNING]   Imagen no subida (401): {"code":"rest_cannot_create","message":"Lo siento, no tienes permisos con este usuario para crear entradas. ","data":{"status":401}}
2026-05-20 20:01:28,798 [ERROR]   WP devolvio 401: {"code":"rest_cannot_create","message":"Lo siento, no tienes permisos con este usuario para crear entradas. ","data":{"status":401}}
2026-05-20 20:01:28,799 [WARNING]   WP fallo la publicacion (intento 3)
2026-05-20 20:01:28,799 [ERROR] FALLO tras 3 intentos de auditoria.
2026-05-20 20:01:28,801 [INFO] === Resultado: FALLO ===

2026-05-20 20:02:28,802 [INFO] [2026-05-20 20:02:28] Ejecutando publicacion programada...
2026-05-20 20:02:28,802 [INFO] === Web Analyzer — Generador de contenido === 2026-05-20T20:02:28.802662
2026-05-20 20:02:28,804 [INFO] Tipo: Auditoria
2026-05-20 20:02:28,805 [INFO] Intento 1/3: auditando one-piece.com (One Piece — Sitio Oficial)
2026-05-20 20:02:30,190 [INFO]   Promedio: 4.0/10 | Categorias: 5
2026-05-20 20:02:30,221 [INFO]   Publicando: ¿One Piece — Sitio Oficial pierde clientes? Análisis completo: 4.0/10...
2026-05-20 20:02:31,124 [WARNING]   Imagen no subida (401): {"code":"rest_cannot_create","message":"Lo siento, no tienes permisos con este usuario para crear entradas. ","data":{"status":401}}
2026-05-20 20:02:31,998 [ERROR]   WP devolvio 401: {"code":"rest_cannot_create","message":"Lo siento, no tienes permisos con este usuario para crear entradas. ","data":{"status":401}}
2026-05-20 20:02:32,003 [WARNING]   WP fallo la publicacion (intento 1)
2026-05-20 20:02:32,005 [INFO] Intento 2/3: auditando one-piece.com (One Piece — Sitio Oficial)
2026-05-20 20:02:33,294 [INFO]   Promedio: 4.0/10 | Categorias: 5
2026-05-20 20:02:33,325 [INFO]   Publicando: Auditamos One Piece — Sitio Oficial: saco 4.0/10 — ¿y tu sitio?...
2026-05-20 20:02:34,181 [WARNING]   Imagen no subida (401): {"code":"rest_cannot_create","message":"Lo siento, no tienes permisos con este usuario para crear entradas. ","data":{"status":401}}
2026-05-20 20:02:35,041 [ERROR]   WP devolvio 401: {"code":"rest_cannot_create","message":"Lo siento, no tienes permisos con este usuario para crear entradas. ","data":{"status":401}}
2026-05-20 20:02:35,046 [WARNING]   WP fallo la publicacion (intento 2)
2026-05-20 20:02:35,048 [INFO] Intento 3/3: auditando one-piece.com (One Piece — Sitio Oficial)
2026-05-20 20:02:36,820 [INFO]   Promedio: 4.0/10 | Categorias: 5
2026-05-20 20:02:36,866 [INFO]   Publicando: Scorecard de One Piece — Sitio Oficial: 4.0 de 10. ¿El tuyo esta mejor...
2026-05-20 20:02:37,744 [WARNING]   Imagen no subida (401): {"code":"rest_cannot_create","message":"Lo siento, no tienes permisos con este usuario para crear entradas. ","data":{"status":401}}
2026-05-20 20:02:38,711 [ERROR]   WP devolvio 401: {"code":"rest_cannot_create","message":"Lo siento, no tienes permisos con este usuario para crear entradas. ","data":{"status":401}}
2026-05-20 20:02:38,713 [WARNING]   WP fallo la publicacion (intento 3)
2026-05-20 20:02:38,714 [ERROR] FALLO tras 3 intentos de auditoria.
2026-05-20 20:02:38,715 [INFO] === Resultado: FALLO ===

2026-05-20 20:03:38,716 [INFO] [2026-05-20 20:03:38] Ejecutando publicacion programada...
2026-05-20 20:03:38,717 [INFO] === Web Analyzer — Generador de contenido === 2026-05-20T20:03:38.717349
2026-05-20 20:03:38,720 [INFO] Tipo: Auditoria
2026-05-20 20:03:38,722 [INFO] Intento 1/3: auditando one-piece.com (One Piece — Sitio Oficial)
2026-05-20 20:03:40,192 [INFO]   Promedio: 4.0/10 | Categorias: 5
2026-05-20 20:03:40,243 [INFO]   Publicando: ¿One Piece — Sitio Oficial pierde clientes? Análisis completo: 4.0/10...
2026-05-20 20:03:41,130 [WARNING]   Imagen no subida (401): {"code":"rest_cannot_create","message":"Lo siento, no tienes permisos con este usuario para crear entradas. ","data":{"status":401}}
2026-05-20 20:03:41,983 [ERROR]   WP devolvio 401: {"code":"rest_cannot_create","message":"Lo siento, no tienes permisos con este usuario para crear entradas. ","data":{"status":401}}
2026-05-20 20:03:41,989 [WARNING]   WP fallo la publicacion (intento 1)
2026-05-20 20:03:41,991 [INFO] Intento 2/3: auditando one-piece.com (One Piece — Sitio Oficial)
2026-05-20 20:03:43,821 [INFO]   Promedio: 4.0/10 | Categorias: 5
2026-05-20 20:03:43,919 [INFO]   Publicando: Scorecard de One Piece — Sitio Oficial: 4.0 de 10. ¿El tuyo esta mejor...
2026-05-20 20:03:44,768 [WARNING]   Imagen no subida (401): {"code":"rest_cannot_create","message":"Lo siento, no tienes permisos con este usuario para crear entradas. ","data":{"status":401}}
2026-05-20 20:03:45,618 [ERROR]   WP devolvio 401: {"code":"rest_cannot_create","message":"Lo siento, no tienes permisos con este usuario para crear entradas. ","data":{"status":401}}
2026-05-20 20:03:45,619 [WARNING]   WP fallo la publicacion (intento 2)
2026-05-20 20:03:45,620 [INFO] Intento 3/3: auditando one-piece.com (One Piece — Sitio Oficial)
2026-05-20 20:03:46,914 [INFO]   Promedio: 4.0/10 | Categorias: 5
2026-05-20 20:03:46,944 [INFO]   Publicando: One Piece — Sitio Oficial obtuvo 4.0/10 en nuestra auditoria web...
2026-05-20 20:03:47,777 [WARNING]   Imagen no subida (401): {"code":"rest_cannot_create","message":"Lo siento, no tienes permisos con este usuario para crear entradas. ","data":{"status":401}}
2026-05-20 20:03:48,643 [ERROR]   WP devolvio 401: {"code":"rest_cannot_create","message":"Lo siento, no tienes permisos con este usuario para crear entradas. ","data":{"status":401}}
2026-05-20 20:03:48,648 [WARNING]   WP fallo la publicacion (intento 3)
2026-05-20 20:03:48,649 [ERROR] FALLO tras 3 intentos de auditoria.
2026-05-20 20:03:48,654 [INFO] === Resultado: FALLO ===

2026-05-20 20:04:48,656 [INFO] [2026-05-20 20:04:48] Ejecutando publicacion programada...
2026-05-20 20:04:48,656 [INFO] === Web Analyzer — Generador de contenido === 2026-05-20T20:04:48.656152
2026-05-20 20:04:48,656 [INFO] Tipo: Auditoria
2026-05-20 20:04:48,657 [INFO] Intento 1/3: auditando one-piece.com (One Piece — Sitio Oficial)
2026-05-20 20:04:50,009 [INFO]   Promedio: 4.0/10 | Categorias: 5
2026-05-20 20:04:50,041 [INFO]   Publicando: Analizamos el sitio de One Piece — Sitio Oficial — resultados sorprend...
2026-05-20 20:04:50,948 [WARNING]   Imagen no subida (401): {"code":"rest_cannot_create","message":"Lo siento, no tienes permisos con este usuario para crear entradas. ","data":{"status":401}}
2026-05-20 20:04:51,822 [ERROR]   WP devolvio 401: {"code":"rest_cannot_create","message":"Lo siento, no tienes permisos con este usuario para crear entradas. ","data":{"status":401}}
2026-05-20 20:04:51,827 [WARNING]   WP fallo la publicacion (intento 1)
2026-05-20 20:04:51,830 [INFO] Intento 2/3: auditando one-piece.com (One Piece — Sitio Oficial)
2026-05-20 20:04:53,094 [INFO]   Promedio: 4.0/10 | Categorias: 5
2026-05-20 20:04:53,125 [INFO]   Publicando: Scorecard de One Piece — Sitio Oficial: 4.0 de 10. ¿El tuyo esta mejor...
2026-05-20 20:04:53,964 [WARNING]   Imagen no subida (401): {"code":"rest_cannot_create","message":"Lo siento, no tienes permisos con este usuario para crear entradas. ","data":{"status":401}}
2026-05-20 20:04:54,814 [ERROR]   WP devolvio 401: {"code":"rest_cannot_create","message":"Lo siento, no tienes permisos con este usuario para crear entradas. ","data":{"status":401}}
2026-05-20 20:04:54,817 [WARNING]   WP fallo la publicacion (intento 2)
2026-05-20 20:04:54,819 [INFO] Intento 3/3: auditando one-piece.com (One Piece — Sitio Oficial)
2026-05-20 20:04:56,090 [INFO]   Promedio: 4.0/10 | Categorias: 5
2026-05-20 20:04:56,140 [INFO]   Publicando: Scorecard de One Piece — Sitio Oficial: 4.0 de 10. ¿El tuyo esta mejor...
2026-05-20 20:04:57,003 [WARNING]   Imagen no subida (401): {"code":"rest_cannot_create","message":"Lo siento, no tienes permisos con este usuario para crear entradas. ","data":{"status":401}}
2026-05-20 20:04:57,891 [ERROR]   WP devolvio 401: {"code":"rest_cannot_create","message":"Lo siento, no tienes permisos con este usuario para crear entradas. ","data":{"status":401}}
2026-05-20 20:04:57,896 [WARNING]   WP fallo la publicacion (intento 3)
2026-05-20 20:04:57,897 [ERROR] FALLO tras 3 intentos de auditoria.
2026-05-20 20:04:57,902 [INFO] === Resultado: FALLO ===

2026-05-20 21:07:04,778 [INFO] === Scheduler Web Analyzer iniciado ===
2026-05-20 21:07:04,792 [INFO] Publicara 1 articulo a las 08:00 y 20:00 ART (alternando auditoria/educativo)
2026-05-20 21:07:04,792 [INFO] Ejecucion inicial al arrancar...
2026-05-20 21:07:04,792 [INFO] === Web Analyzer — Generador de contenido === 2026-05-20T21:07:04.792011
2026-05-20 21:07:04,798 [INFO] Tipo: Auditoria
2026-05-20 21:07:04,799 [INFO] Intento 1/3: auditando one-piece.com (One Piece — Sitio Oficial)
2026-05-20 21:07:07,757 [INFO]   Promedio: 4.0/10 | Categorias: 5
2026-05-20 21:07:07,912 [INFO]   Publicando: ¿One Piece — Sitio Oficial pierde clientes? Análisis completo: 4.0/10...
2026-05-20 21:07:07,913 [WARNING] WP no configurado. Post: ¿One Piece — Sitio Oficial pierde clientes? Análisis complet...
2026-05-20 21:07:07,913 [WARNING]   WP fallo la publicacion (intento 1)
2026-05-20 21:07:07,913 [INFO] Intento 2/3: auditando one-piece.com (One Piece — Sitio Oficial)
2026-05-20 21:07:09,277 [INFO]   Promedio: 4.0/10 | Categorias: 5
2026-05-20 21:07:09,324 [INFO]   Publicando: Auditamos One Piece — Sitio Oficial: saco 4.0/10 — ¿y tu sitio?...
2026-05-20 21:07:09,324 [WARNING] WP no configurado. Post: Auditamos One Piece — Sitio Oficial: saco 4.0/10 — ¿y tu sit...
2026-05-20 21:07:09,324 [WARNING]   WP fallo la publicacion (intento 2)
2026-05-20 21:07:09,325 [INFO] Intento 3/3: auditando one-piece.com (One Piece — Sitio Oficial)
2026-05-20 21:07:10,618 [INFO]   Promedio: 4.0/10 | Categorias: 5
2026-05-20 21:07:10,655 [INFO]   Publicando: One Piece — Sitio Oficial obtuvo 4.0/10 en nuestra auditoria web...
2026-05-20 21:07:10,655 [WARNING] WP no configurado. Post: One Piece — Sitio Oficial obtuvo 4.0/10 en nuestra auditoria...
2026-05-20 21:07:10,655 [WARNING]   WP fallo la publicacion (intento 3)
2026-05-20 21:07:10,655 [ERROR] FALLO tras 3 intentos de auditoria.
2026-05-20 21:07:10,656 [INFO] === Resultado: FALLO ===

2026-05-20 21:14:28,905 [INFO] === Scheduler Web Analyzer iniciado ===
2026-05-20 21:14:28,905 [INFO] Publicara 1 articulo a las 08:00 y 20:00 ART (alternando auditoria/educativo)
2026-05-20 21:14:28,905 [INFO] Ejecucion inicial al arrancar...
2026-05-20 21:14:28,906 [INFO] === Web Analyzer — Generador de contenido === 2026-05-20T21:14:28.906923
2026-05-20 21:14:28,906 [INFO] Tipo: Auditoria
2026-05-20 21:14:28,906 [INFO] Intento 1/3: auditando one-piece.com (One Piece — Sitio Oficial)
2026-05-20 21:14:30,220 [INFO]   Promedio: 4.0/10 | Categorias: 5
2026-05-20 21:14:30,272 [INFO]   Publicando: ¿One Piece — Sitio Oficial pierde clientes? Análisis completo: 4.0/10...
2026-05-20 21:14:32,051 [INFO]   Imagen subida: ID 307
2026-05-20 21:14:35,032 [INFO]   Publicado: https://webanalyzer.com.ar/web/one-piece-sitio-oficial/
2026-05-20 21:14:35,034 [INFO]   OK: https://webanalyzer.com.ar/web/one-piece-sitio-oficial/
2026-05-20 21:14:35,036 [INFO] === Resultado: OK ===

2026-05-20 21:22:14,045 [INFO] === Scheduler Web Analyzer iniciado ===
2026-05-20 21:22:14,045 [INFO] Publicara 1 articulo a las 08:00 y 20:00 ART (alternando auditoria/educativo)
2026-05-20 21:22:14,045 [INFO] Ejecucion inicial al arrancar...
2026-05-20 21:22:14,045 [INFO] === Web Analyzer — Generador de contenido === 2026-05-20T21:22:14.045736
2026-05-20 21:22:14,065 [INFO] Tipo: Post educativo
2026-05-20 21:22:14,066 [INFO] Post educativo: Contraste de colores: el error invisible que ahuyenta usuarios...
2026-05-20 21:22:16,024 [INFO]   Imagen subida: ID 313
2026-05-20 21:22:16,955 [INFO]   Publicado: https://webanalyzer.com.ar/web/contraste-colores-accesibilidad/
2026-05-20 21:22:16,959 [INFO]   OK: https://webanalyzer.com.ar/web/contraste-colores-accesibilidad/
2026-05-20 21:22:16,959 [INFO] === Resultado: OK ===

2026-05-21 08:00:18,097 [INFO] [2026-05-21 08:00:17] Ejecutando publicacion programada...
2026-05-21 08:00:18,344 [INFO] === Web Analyzer — Generador de contenido === 2026-05-21T08:00:18.304081
2026-05-21 08:00:18,652 [INFO] Tipo: Auditoria
2026-05-21 08:00:18,728 [INFO] Todos los sitios fueron auditados. Reiniciando tracking.
2026-05-21 08:00:18,798 [INFO] Intento 1/3: auditando www.argentina.gob.ar (Argentina.gob.ar)
2026-05-21 08:00:20,977 [INFO]   Promedio: 6.6/10 | Categorias: 5
2026-05-21 08:00:21,304 [INFO]   Publicando: Argentina.gob.ar obtuvo 6.6/10 en nuestra auditoria web...
2026-05-21 08:00:23,591 [INFO]   Imagen subida: ID 319
2026-05-21 08:00:26,756 [INFO]   Publicado: https://webanalyzer.com.ar/web/argentinagobar/
2026-05-21 08:00:26,769 [INFO]   OK: https://webanalyzer.com.ar/web/argentinagobar/
2026-05-21 08:00:26,770 [INFO] === Resultado: OK ===

2026-05-21 08:01:26,771 [INFO] [2026-05-21 08:01:26] Ejecutando publicacion programada...
2026-05-21 08:01:26,772 [INFO] === Web Analyzer — Generador de contenido === 2026-05-21T08:01:26.772332
2026-05-21 08:01:26,774 [INFO] Tipo: Auditoria
2026-05-21 08:01:26,776 [INFO] Intento 1/3: auditando www.eltiempo.com (El Tiempo — Colombia)
2026-05-21 08:01:28,617 [INFO]   Promedio: 7.0/10 | Categorias: 5
2026-05-21 08:01:28,692 [INFO]   Publicando: Auditamos El Tiempo — Colombia: saco 7.0/10 — ¿y tu sitio?...
2026-05-21 08:01:30,518 [INFO]   Imagen subida: ID 325
2026-05-21 08:01:31,515 [INFO]   Publicado: https://webanalyzer.com.ar/web/el-tiempo-colombia-2/
2026-05-21 08:01:31,517 [INFO]   OK: https://webanalyzer.com.ar/web/el-tiempo-colombia-2/
2026-05-21 08:01:31,518 [INFO] === Resultado: OK ===

2026-05-21 08:02:31,519 [INFO] [2026-05-21 08:02:31] Ejecutando publicacion programada...
2026-05-21 08:02:31,519 [INFO] === Web Analyzer — Generador de contenido === 2026-05-21T08:02:31.519279
2026-05-21 08:02:31,520 [INFO] Tipo: Auditoria
2026-05-21 08:02:31,520 [INFO] Intento 1/3: auditando www.cariverplate.com.ar (River Plate — Sitio Oficial)
2026-05-21 08:02:33,942 [INFO]   Promedio: 3.2/10 | Categorias: 5
2026-05-21 08:02:34,047 [INFO]   Publicando: Scorecard de River Plate — Sitio Oficial: 3.2 de 10. ¿El tuyo esta mej...
2026-05-21 08:02:35,866 [INFO]   Imagen subida: ID 331
2026-05-21 08:02:36,800 [INFO]   Publicado: https://webanalyzer.com.ar/web/river-plate-sitio-oficial-2/
2026-05-21 08:02:36,803 [INFO]   OK: https://webanalyzer.com.ar/web/river-plate-sitio-oficial-2/
2026-05-21 08:02:36,804 [INFO] === Resultado: OK ===

2026-05-21 08:03:36,805 [INFO] [2026-05-21 08:03:36] Ejecutando publicacion programada...
2026-05-21 08:03:36,805 [INFO] === Web Analyzer — Generador de contenido === 2026-05-21T08:03:36.805934
2026-05-21 08:03:36,806 [INFO] Tipo: Auditoria
2026-05-21 08:03:36,806 [INFO] Intento 1/3: auditando www.wikipedia.org (Wikipedia)
2026-05-21 08:03:38,128 [INFO]   Promedio: 6.2/10 | Categorias: 5
2026-05-21 08:03:38,171 [INFO]   Publicando: ¿Wikipedia pierde clientes? Análisis completo: 6.2/10...
2026-05-21 08:03:39,955 [INFO]   Imagen subida: ID 337
2026-05-21 08:03:41,068 [INFO]   Publicado: https://webanalyzer.com.ar/web/wikipedia-2/
2026-05-21 08:03:41,077 [INFO]   OK: https://webanalyzer.com.ar/web/wikipedia-2/
2026-05-21 08:03:41,080 [INFO] === Resultado: OK ===

2026-05-21 08:04:41,082 [INFO] [2026-05-21 08:04:41] Ejecutando publicacion programada...
2026-05-21 08:04:41,082 [INFO] === Web Analyzer — Generador de contenido === 2026-05-21T08:04:41.082993
2026-05-21 08:04:41,085 [INFO] Tipo: Auditoria
2026-05-21 08:04:41,087 [INFO] Intento 1/3: auditando www.cronista.com (El Cronista)
2026-05-21 08:04:42,448 [INFO]   Promedio: 7.6/10 | Categorias: 5
2026-05-21 08:04:42,483 [INFO]   Publicando: Scorecard de El Cronista: 7.6 de 10. ¿El tuyo esta mejor?...
2026-05-21 08:04:44,250 [INFO]   Imagen subida: ID 343
2026-05-21 08:04:45,168 [INFO]   Publicado: https://webanalyzer.com.ar/web/el-cronista-2/
2026-05-21 08:04:45,170 [INFO]   OK: https://webanalyzer.com.ar/web/el-cronista-2/
2026-05-21 08:04:45,171 [INFO] === Resultado: OK ===

2026-05-21 20:00:45,510 [INFO] [2026-05-21 20:00:45] Ejecutando publicacion programada...
2026-05-21 20:00:45,513 [INFO] === Web Analyzer — Generador de contenido === 2026-05-21T20:00:45.513128
2026-05-21 20:00:45,515 [INFO] Tipo: Auditoria
2026-05-21 20:00:45,515 [INFO] Intento 1/3: auditando www.eluniversal.com.mx (El Universal — Mexico)
2026-05-21 20:00:47,564 [INFO]   Promedio: 8.0/10 | Categorias: 5
2026-05-21 20:00:47,632 [INFO]   Publicando: ¿El Universal — Mexico pierde clientes? Análisis completo: 8.0/10...
2026-05-21 20:00:49,790 [INFO]   Imagen subida: ID 349
2026-05-21 20:00:52,764 [INFO]   Publicado: https://webanalyzer.com.ar/web/el-universal-mexico-2/
2026-05-21 20:00:52,768 [INFO]   OK: https://webanalyzer.com.ar/web/el-universal-mexico-2/
2026-05-21 20:00:52,769 [INFO] === Resultado: OK ===

2026-05-21 20:01:52,770 [INFO] [2026-05-21 20:01:52] Ejecutando publicacion programada...
2026-05-21 20:01:52,770 [INFO] === Web Analyzer — Generador de contenido === 2026-05-21T20:01:52.770348
2026-05-21 20:01:52,770 [INFO] Tipo: Auditoria
2026-05-21 20:01:52,771 [INFO] Intento 1/3: auditando www.ambito.com (Ambito Financiero)
2026-05-21 20:01:54,762 [INFO]   Promedio: 7.4/10 | Categorias: 5
2026-05-21 20:01:54,814 [INFO]   Publicando: ¿Ambito Financiero pierde clientes? Análisis completo: 7.4/10...
2026-05-21 20:01:56,819 [INFO]   Imagen subida: ID 355
2026-05-21 20:01:57,776 [INFO]   Publicado: https://webanalyzer.com.ar/web/ambito-financiero-2/
2026-05-21 20:01:57,779 [INFO]   OK: https://webanalyzer.com.ar/web/ambito-financiero-2/
2026-05-21 20:01:57,780 [INFO] === Resultado: OK ===

2026-05-21 20:02:57,781 [INFO] [2026-05-21 20:02:57] Ejecutando publicacion programada...
2026-05-21 20:02:57,781 [INFO] === Web Analyzer — Generador de contenido === 2026-05-21T20:02:57.781975
2026-05-21 20:02:57,782 [INFO] Tipo: Auditoria
2026-05-21 20:02:57,783 [INFO] Intento 1/3: auditando www.bocajuniors.com.ar (Boca Juniors — Sitio Oficial)
2026-05-21 20:03:00,025 [INFO]   Promedio: 6.0/10 | Categorias: 5
2026-05-21 20:03:00,061 [INFO]   Publicando: Boca Juniors — Sitio Oficial obtuvo 6.0/10 en nuestra auditoria web...
2026-05-21 20:03:01,960 [INFO]   Imagen subida: ID 361
2026-05-21 20:03:03,137 [INFO]   Publicado: https://webanalyzer.com.ar/web/boca-juniors-sitio-oficial-2/
2026-05-21 20:03:03,139 [INFO]   OK: https://webanalyzer.com.ar/web/boca-juniors-sitio-oficial-2/
2026-05-21 20:03:03,140 [INFO] === Resultado: OK ===

2026-05-21 20:04:03,141 [INFO] [2026-05-21 20:04:03] Ejecutando publicacion programada...
2026-05-21 20:04:03,141 [INFO] === Web Analyzer — Generador de contenido === 2026-05-21T20:04:03.141723
2026-05-21 20:04:03,142 [INFO] Tipo: Auditoria
2026-05-21 20:04:03,143 [INFO] Intento 1/3: auditando www.github.com (GitHub)
2026-05-21 20:04:04,859 [INFO]   Promedio: 7.8/10 | Categorias: 5
2026-05-21 20:04:04,941 [INFO]   Publicando: Auditamos GitHub: saco 7.8/10 — ¿y tu sitio?...
2026-05-21 20:04:06,717 [INFO]   Imagen subida: ID 367
2026-05-21 20:04:07,662 [INFO]   Publicado: https://webanalyzer.com.ar/web/github-2/
2026-05-21 20:04:07,669 [INFO]   OK: https://webanalyzer.com.ar/web/github-2/
2026-05-21 20:04:07,670 [INFO] === Resultado: OK ===

2026-05-22 08:00:07,169 [INFO] [2026-05-22 08:00:06] Ejecutando publicacion programada...
2026-05-22 08:00:07,453 [INFO] === Web Analyzer — Generador de contenido === 2026-05-22T08:00:07.434386
2026-05-22 08:00:07,634 [INFO] Tipo: Auditoria
2026-05-22 08:00:07,662 [INFO] Intento 1/3: auditando es.wikipedia.org (Wikipedia en Espanol)
2026-05-22 08:00:10,255 [INFO]   Promedio: 5.8/10 | Categorias: 5
2026-05-22 08:00:10,468 [INFO]   Publicando: ¿Wikipedia en Espanol pierde clientes? Análisis completo: 5.8/10...
2026-05-22 08:00:12,548 [INFO]   Imagen subida: ID 373
2026-05-22 08:00:15,752 [INFO]   Publicado: https://webanalyzer.com.ar/web/wikipedia-en-espanol-2/
2026-05-22 08:00:15,798 [INFO]   OK: https://webanalyzer.com.ar/web/wikipedia-en-espanol-2/
2026-05-22 08:00:15,820 [INFO] === Resultado: OK ===

2026-05-22 08:01:15,821 [INFO] [2026-05-22 08:01:15] Ejecutando publicacion programada...
2026-05-22 08:01:15,821 [INFO] === Web Analyzer — Generador de contenido === 2026-05-22T08:01:15.821372
2026-05-22 08:01:15,822 [INFO] Tipo: Auditoria
2026-05-22 08:01:15,859 [INFO] Intento 1/3: auditando www.ole.com.ar (Diario Deportivo Ole)
2026-05-22 08:01:17,853 [INFO]   Promedio: 6.6/10 | Categorias: 5
2026-05-22 08:01:17,988 [INFO]   Publicando: Auditamos Diario Deportivo Ole: saco 6.6/10 — ¿y tu sitio?...
2026-05-22 08:01:19,803 [INFO]   Imagen subida: ID 379
2026-05-22 08:01:20,773 [INFO]   Publicado: https://webanalyzer.com.ar/web/diario-deportivo-ole-2/
2026-05-22 08:01:20,775 [INFO]   OK: https://webanalyzer.com.ar/web/diario-deportivo-ole-2/
2026-05-22 08:01:20,794 [INFO] === Resultado: OK ===

2026-05-22 08:02:20,795 [INFO] [2026-05-22 08:02:20] Ejecutando publicacion programada...
2026-05-22 08:02:20,796 [INFO] === Web Analyzer — Generador de contenido === 2026-05-22T08:02:20.796449
2026-05-22 08:02:20,798 [INFO] Tipo: Auditoria
2026-05-22 08:02:20,800 [INFO] Intento 1/3: auditando www.lanacion.com.ar (La Nacion)
2026-05-22 08:02:22,961 [INFO]   Promedio: 7.6/10 | Categorias: 5
2026-05-22 08:02:23,041 [INFO]   Publicando: Scorecard de La Nacion: 7.6 de 10. ¿El tuyo esta mejor?...
2026-05-22 08:02:24,866 [INFO]   Imagen subida: ID 385
2026-05-22 08:02:25,809 [INFO]   Publicado: https://webanalyzer.com.ar/web/la-nacion-2/
2026-05-22 08:02:25,816 [INFO]   OK: https://webanalyzer.com.ar/web/la-nacion-2/
2026-05-22 08:02:25,820 [INFO] === Resultado: OK ===

2026-05-22 08:03:25,822 [INFO] [2026-05-22 08:03:25] Ejecutando publicacion programada...
2026-05-22 08:03:25,822 [INFO] === Web Analyzer — Generador de contenido === 2026-05-22T08:03:25.822649
2026-05-22 08:03:25,825 [INFO] Tipo: Auditoria
2026-05-22 08:03:25,827 [INFO] Intento 1/3: auditando www.yahoo.com (Yahoo)
2026-05-22 08:03:27,567 [INFO]   Promedio: 4.8/10 | Categorias: 5
2026-05-22 08:03:27,680 [INFO]   Publicando: Yahoo obtuvo 4.8/10 en nuestra auditoria web...
2026-05-22 08:03:28,827 [INFO]   Imagen subida: ID 391
2026-05-22 08:03:29,442 [INFO]   Publicado: https://webanalyzer.com.ar/web/yahoo-2/
2026-05-22 08:03:29,444 [INFO]   OK: https://webanalyzer.com.ar/web/yahoo-2/
2026-05-22 08:03:29,446 [INFO] === Resultado: OK ===

2026-05-22 08:04:29,467 [INFO] [2026-05-22 08:04:29] Ejecutando publicacion programada...
2026-05-22 08:04:29,468 [INFO] === Web Analyzer — Generador de contenido === 2026-05-22T08:04:29.468793
2026-05-22 08:04:29,470 [INFO] Tipo: Auditoria
2026-05-22 08:04:29,472 [INFO] Intento 1/3: auditando www.uade.edu.ar (UADE)
2026-05-22 08:04:32,797 [INFO]   Promedio: 7.2/10 | Categorias: 5
2026-05-22 08:04:32,896 [INFO]   Publicando: Auditamos UADE: saco 7.2/10 — ¿y tu sitio?...
2026-05-22 08:04:33,991 [INFO]   Imagen subida: ID 397
2026-05-22 08:04:34,615 [INFO]   Publicado: https://webanalyzer.com.ar/web/uade-2/
2026-05-22 08:04:34,621 [INFO]   OK: https://webanalyzer.com.ar/web/uade-2/
2026-05-22 08:04:34,622 [INFO] === Resultado: OK ===

2026-05-22 20:00:35,022 [INFO] [2026-05-22 20:00:34] Ejecutando publicacion programada...
2026-05-22 20:00:35,092 [INFO] === Web Analyzer — Generador de contenido === 2026-05-22T20:00:35.084747
2026-05-22 20:00:35,181 [INFO] Tipo: Auditoria
2026-05-22 20:00:35,187 [INFO] Intento 1/3: auditando www.personal.com.ar (Personal Argentina)
2026-05-22 20:00:37,046 [INFO]   Promedio: 7.6/10 | Categorias: 5
2026-05-22 20:00:37,148 [INFO]   Publicando: Personal Argentina obtuvo 7.6/10 en nuestra auditoria web...
2026-05-22 20:00:39,326 [INFO]   Imagen subida: ID 403
2026-05-22 20:00:42,567 [INFO]   Publicado: https://webanalyzer.com.ar/web/personal-argentina-2/
2026-05-22 20:00:42,586 [INFO]   OK: https://webanalyzer.com.ar/web/personal-argentina-2/
2026-05-22 20:00:42,588 [INFO] === Resultado: OK ===

2026-05-22 20:01:42,589 [INFO] [2026-05-22 20:01:42] Ejecutando publicacion programada...
2026-05-22 20:01:42,589 [INFO] === Web Analyzer — Generador de contenido === 2026-05-22T20:01:42.589331
2026-05-22 20:01:42,590 [INFO] Tipo: Auditoria
2026-05-22 20:01:42,591 [INFO] Intento 1/3: auditando www.latercera.com (La Tercera — Chile)
2026-05-22 20:01:44,259 [INFO]   Promedio: 7.4/10 | Categorias: 5
2026-05-22 20:01:44,339 [INFO]   Publicando: Scorecard de La Tercera — Chile: 7.4 de 10. ¿El tuyo esta mejor?...
2026-05-22 20:01:46,139 [INFO]   Imagen subida: ID 409
2026-05-22 20:01:47,057 [INFO]   Publicado: https://webanalyzer.com.ar/web/la-tercera-chile-2/
2026-05-22 20:01:47,059 [INFO]   OK: https://webanalyzer.com.ar/web/la-tercera-chile-2/
2026-05-22 20:01:47,060 [INFO] === Resultado: OK ===

2026-05-22 20:02:47,062 [INFO] [2026-05-22 20:02:47] Ejecutando publicacion programada...
2026-05-22 20:02:47,063 [INFO] === Web Analyzer — Generador de contenido === 2026-05-22T20:02:47.062178
2026-05-22 20:02:47,065 [INFO] Tipo: Auditoria
2026-05-22 20:02:47,067 [INFO] Intento 1/3: auditando www.mercadolibre.com.ar (Mercado Libre Argentina)
2026-05-22 20:02:48,817 [INFO]   Promedio: 7.4/10 | Categorias: 5
2026-05-22 20:02:48,909 [INFO]   Publicando: Mercado Libre Argentina obtuvo 7.4/10 en nuestra auditoria web...
2026-05-22 20:02:50,709 [INFO]   Imagen subida: ID 415
2026-05-22 20:02:51,633 [INFO]   Publicado: https://webanalyzer.com.ar/web/mercado-libre-argentina-2/
2026-05-22 20:02:51,640 [INFO]   OK: https://webanalyzer.com.ar/web/mercado-libre-argentina-2/
2026-05-22 20:02:51,644 [INFO] === Resultado: OK ===

2026-05-22 20:03:51,645 [INFO] [2026-05-22 20:03:51] Ejecutando publicacion programada...
2026-05-22 20:03:51,646 [INFO] === Web Analyzer — Generador de contenido === 2026-05-22T20:03:51.646950
2026-05-22 20:03:51,649 [INFO] Tipo: Auditoria
2026-05-22 20:03:51,651 [INFO] Intento 1/3: auditando www.infobae.com (Infobae)
2026-05-22 20:03:53,312 [INFO]   Promedio: 6.6/10 | Categorias: 5
2026-05-22 20:03:53,399 [INFO]   Publicando: Auditamos Infobae: saco 6.6/10 — ¿y tu sitio?...
2026-05-22 20:03:55,238 [INFO]   Imagen subida: ID 421
2026-05-22 20:03:56,179 [INFO]   Publicado: https://webanalyzer.com.ar/web/infobae-2/
2026-05-22 20:03:56,196 [INFO]   OK: https://webanalyzer.com.ar/web/infobae-2/
2026-05-22 20:03:56,197 [INFO] === Resultado: OK ===

2026-05-22 20:04:56,198 [INFO] [2026-05-22 20:04:56] Ejecutando publicacion programada...
2026-05-22 20:04:56,198 [INFO] === Web Analyzer — Generador de contenido === 2026-05-22T20:04:56.198870
2026-05-22 20:04:56,199 [INFO] Tipo: Auditoria
2026-05-22 20:04:56,200 [INFO] Intento 1/3: auditando www.clarin.com (Clarin)
2026-05-22 20:04:58,469 [INFO]   Promedio: 5.6/10 | Categorias: 5
2026-05-22 20:04:58,555 [INFO]   Publicando: Clarin obtuvo 5.6/10 en nuestra auditoria web...
2026-05-22 20:05:00,330 [INFO]   Imagen subida: ID 427
2026-05-22 20:05:01,461 [INFO]   Publicado: https://webanalyzer.com.ar/web/clarin-2/
2026-05-22 20:05:01,497 [INFO]   OK: https://webanalyzer.com.ar/web/clarin-2/
2026-05-22 20:05:01,501 [INFO] === Resultado: OK ===

2026-05-23 08:00:01,924 [INFO] [2026-05-23 08:00:01] Ejecutando publicacion programada...
2026-05-23 08:00:01,977 [INFO] === Web Analyzer — Generador de contenido === 2026-05-23T08:00:01.971396
2026-05-23 08:00:02,057 [INFO] Tipo: Auditoria
2026-05-23 08:00:02,064 [INFO] Intento 1/3: auditando www.booking.com (Booking.com)
2026-05-23 08:00:03,707 [INFO]   Promedio: 5.6/10 | Categorias: 5
2026-05-23 08:00:03,806 [INFO]   Publicando: Booking.com obtuvo 5.6/10 en nuestra auditoria web...
2026-05-23 08:00:05,864 [INFO]   Imagen subida: ID 433
2026-05-23 08:00:09,561 [INFO]   Publicado: https://webanalyzer.com.ar/web/bookingcom/
2026-05-23 08:00:09,589 [INFO]   OK: https://webanalyzer.com.ar/web/bookingcom/
2026-05-23 08:00:09,590 [INFO] === Resultado: OK ===

2026-05-23 08:01:09,591 [INFO] [2026-05-23 08:01:09] Ejecutando publicacion programada...
2026-05-23 08:01:09,591 [INFO] === Web Analyzer — Generador de contenido === 2026-05-23T08:01:09.591251
2026-05-23 08:01:09,592 [INFO] Tipo: Auditoria
2026-05-23 08:01:09,592 [INFO] Intento 1/3: auditando www.uol.com.br (UOL — Brasil)
2026-05-23 08:01:11,928 [INFO]   Promedio: 7.6/10 | Categorias: 5
2026-05-23 08:01:11,989 [INFO]   Publicando: Analizamos el sitio de UOL — Brasil — resultados sorprendentes...
2026-05-23 08:01:13,134 [INFO]   Imagen subida: ID 439
2026-05-23 08:01:13,732 [INFO]   Publicado: https://webanalyzer.com.ar/web/uol-brasil-2/
2026-05-23 08:01:13,734 [INFO]   OK: https://webanalyzer.com.ar/web/uol-brasil-2/
2026-05-23 08:01:13,736 [INFO] === Resultado: OK ===

2026-05-23 08:02:13,737 [INFO] [2026-05-23 08:02:13] Ejecutando publicacion programada...
2026-05-23 08:02:13,738 [INFO] === Web Analyzer — Generador de contenido === 2026-05-23T08:02:13.738227
2026-05-23 08:02:13,740 [INFO] Tipo: Auditoria
2026-05-23 08:02:13,742 [INFO] Intento 1/3: auditando www.pagina12.com.ar (Pagina 12)
2026-05-23 08:02:15,133 [INFO]   Promedio: 6.0/10 | Categorias: 5
2026-05-23 08:02:15,202 [INFO]   Publicando: Analizamos el sitio de Pagina 12 — resultados sorprendentes...
2026-05-23 08:02:16,280 [INFO]   Imagen subida: ID 445
2026-05-23 08:02:16,885 [INFO]   Publicado: https://webanalyzer.com.ar/web/pagina-12-2/
2026-05-23 08:02:16,911 [INFO]   OK: https://webanalyzer.com.ar/web/pagina-12-2/
2026-05-23 08:02:16,912 [INFO] === Resultado: OK ===

2026-05-23 08:03:16,913 [INFO] [2026-05-23 08:03:16] Ejecutando publicacion programada...
2026-05-23 08:03:16,914 [INFO] === Web Analyzer — Generador de contenido === 2026-05-23T08:03:16.913658
2026-05-23 08:03:16,916 [INFO] Tipo: Auditoria
2026-05-23 08:03:16,918 [INFO] Intento 1/3: auditando www.mercadolibre.com.mx (Mercado Libre Mexico)
2026-05-23 08:03:18,633 [INFO]   Promedio: 7.0/10 | Categorias: 5
2026-05-23 08:03:18,693 [INFO]   Publicando: Analizamos el sitio de Mercado Libre Mexico — resultados sorprendentes...
2026-05-23 08:03:19,855 [INFO]   Imagen subida: ID 451
2026-05-23 08:03:20,453 [INFO]   Publicado: https://webanalyzer.com.ar/web/mercado-libre-mexico-2/
2026-05-23 08:03:20,461 [INFO]   OK: https://webanalyzer.com.ar/web/mercado-libre-mexico-2/
2026-05-23 08:03:20,466 [INFO] === Resultado: OK ===

2026-05-23 08:04:20,467 [INFO] [2026-05-23 08:04:20] Ejecutando publicacion programada...
2026-05-23 08:04:20,468 [INFO] === Web Analyzer — Generador de contenido === 2026-05-23T08:04:20.468531
2026-05-23 08:04:20,470 [INFO] Tipo: Auditoria
2026-05-23 08:04:20,472 [INFO] Intento 1/3: auditando www.stackoverflow.com (Stack Overflow)
2026-05-23 08:04:22,127 [INFO]   Promedio: 5.4/10 | Categorias: 5
2026-05-23 08:04:22,161 [INFO]   Publicando: Analizamos el sitio de Stack Overflow — resultados sorprendentes...
2026-05-23 08:04:23,083 [INFO]   Imagen subida: ID 457
2026-05-23 08:04:23,671 [INFO]   Publicado: https://webanalyzer.com.ar/web/stack-overflow-2/
2026-05-23 08:04:23,673 [INFO]   OK: https://webanalyzer.com.ar/web/stack-overflow-2/
2026-05-23 08:04:23,696 [INFO] === Resultado: OK ===

2026-05-23 20:00:24,486 [INFO] [2026-05-23 20:00:24] Ejecutando publicacion programada...
2026-05-23 20:00:24,724 [INFO] === Web Analyzer — Generador de contenido === 2026-05-23T20:00:24.718002
2026-05-23 20:00:25,067 [INFO] Tipo: Auditoria
2026-05-23 20:00:25,112 [INFO] Intento 1/3: auditando one-piece.com (One Piece — Sitio Oficial)
2026-05-23 20:00:29,460 [INFO]   Promedio: 4.0/10 | Categorias: 5
2026-05-23 20:00:29,663 [INFO]   Publicando: Auditamos One Piece — Sitio Oficial: saco 4.0/10 — ¿y tu sitio?...
2026-05-23 20:00:31,813 [INFO]   Imagen subida: ID 463
2026-05-23 20:00:34,776 [INFO]   Publicado: https://webanalyzer.com.ar/web/one-piece-sitio-oficial-2/
2026-05-23 20:00:34,822 [INFO]   OK: https://webanalyzer.com.ar/web/one-piece-sitio-oficial-2/
2026-05-23 20:00:34,824 [INFO] === Resultado: OK ===

2026-05-23 20:01:34,825 [INFO] [2026-05-23 20:01:34] Ejecutando publicacion programada...
2026-05-23 20:01:34,825 [INFO] === Web Analyzer — Generador de contenido === 2026-05-23T20:01:34.825929
2026-05-23 20:01:34,826 [INFO] Tipo: Auditoria
2026-05-23 20:01:34,828 [INFO] Intento 1/3: auditando www.tycsports.com (TyC Sports)
2026-05-23 20:01:36,555 [INFO]   Promedio: 6.6/10 | Categorias: 5
2026-05-23 20:01:36,649 [INFO]   Publicando: TyC Sports obtuvo 6.6/10 en nuestra auditoria web...
2026-05-23 20:01:38,461 [INFO]   Imagen subida: ID 469
2026-05-23 20:01:39,533 [INFO]   Publicado: https://webanalyzer.com.ar/web/tyc-sports-2/
2026-05-23 20:01:39,535 [INFO]   OK: https://webanalyzer.com.ar/web/tyc-sports-2/
2026-05-23 20:01:39,536 [INFO] === Resultado: OK ===

2026-05-23 20:02:39,558 [INFO] [2026-05-23 20:02:39] Ejecutando publicacion programada...
2026-05-23 20:02:39,558 [INFO] === Web Analyzer — Generador de contenido === 2026-05-23T20:02:39.558412
2026-05-23 20:02:39,558 [INFO] Tipo: Auditoria
2026-05-23 20:02:39,591 [INFO] Todos los sitios fueron auditados. Reiniciando tracking.
2026-05-23 20:02:39,591 [INFO] Intento 1/3: auditando www.mercadolibre.com.mx (Mercado Libre Mexico)
2026-05-23 20:02:41,634 [INFO]   Promedio: 7.0/10 | Categorias: 5
2026-05-23 20:02:41,749 [INFO]   Publicando: Analizamos el sitio de Mercado Libre Mexico — resultados sorprendentes...
2026-05-23 20:02:43,538 [INFO]   Imagen subida: ID 475
2026-05-23 20:02:44,467 [INFO]   Publicado: https://webanalyzer.com.ar/web/mercado-libre-mexico-3/
2026-05-23 20:02:44,469 [INFO]   OK: https://webanalyzer.com.ar/web/mercado-libre-mexico-3/
2026-05-23 20:02:44,470 [INFO] === Resultado: OK ===

2026-05-23 20:03:44,471 [INFO] [2026-05-23 20:03:44] Ejecutando publicacion programada...
2026-05-23 20:03:44,472 [INFO] === Web Analyzer — Generador de contenido === 2026-05-23T20:03:44.472598
2026-05-23 20:03:44,474 [INFO] Tipo: Auditoria
2026-05-23 20:03:44,476 [INFO] Intento 1/3: auditando www.lanacion.com.ar (La Nacion)
2026-05-23 20:03:46,976 [INFO]   Promedio: 7.4/10 | Categorias: 5
2026-05-23 20:03:47,074 [INFO]   Publicando: Auditamos La Nacion: saco 7.4/10 — ¿y tu sitio?...
2026-05-23 20:03:48,370 [INFO]   Imagen subida: ID 481
2026-05-23 20:03:49,365 [INFO]   Publicado: https://webanalyzer.com.ar/web/la-nacion-3/
2026-05-23 20:03:49,367 [INFO]   OK: https://webanalyzer.com.ar/web/la-nacion-3/
2026-05-23 20:03:49,369 [INFO] === Resultado: OK ===

2026-05-23 20:04:49,370 [INFO] [2026-05-23 20:04:49] Ejecutando publicacion programada...
2026-05-23 20:04:49,370 [INFO] === Web Analyzer — Generador de contenido === 2026-05-23T20:04:49.370564
2026-05-23 20:04:49,371 [INFO] Tipo: Auditoria
2026-05-23 20:04:49,372 [INFO] Intento 1/3: auditando www.ole.com.ar (Diario Deportivo Ole)
2026-05-23 20:04:51,667 [INFO]   Promedio: 6.6/10 | Categorias: 5
2026-05-23 20:04:51,777 [INFO]   Publicando: Diario Deportivo Ole obtuvo 6.6/10 en nuestra auditoria web...
2026-05-23 20:04:53,584 [INFO]   Imagen subida: ID 487
2026-05-23 20:04:54,523 [INFO]   Publicado: https://webanalyzer.com.ar/web/diario-deportivo-ole-3/
2026-05-23 20:04:54,530 [INFO]   OK: https://webanalyzer.com.ar/web/diario-deportivo-ole-3/
2026-05-23 20:04:54,531 [INFO] === Resultado: OK ===

2026-05-24 08:00:53,633 [INFO] [2026-05-24 08:00:53] Ejecutando publicacion programada...
2026-05-24 08:00:53,695 [INFO] === Web Analyzer — Generador de contenido === 2026-05-24T08:00:53.689048
2026-05-24 08:00:53,909 [INFO] Tipo: Auditoria
2026-05-24 08:00:53,925 [INFO] Intento 1/3: auditando es.wikipedia.org (Wikipedia en Espanol)
2026-05-24 08:00:55,858 [INFO]   Promedio: 5.8/10 | Categorias: 5
2026-05-24 08:00:56,050 [INFO]   Publicando: ¿Wikipedia en Espanol pierde clientes? Análisis completo: 5.8/10...
2026-05-24 08:00:58,109 [INFO]   Imagen subida: ID 493
2026-05-24 08:01:01,184 [INFO]   Publicado: https://webanalyzer.com.ar/web/wikipedia-en-espanol-3/
2026-05-24 08:01:01,198 [INFO]   OK: https://webanalyzer.com.ar/web/wikipedia-en-espanol-3/
2026-05-24 08:01:01,223 [INFO] === Resultado: OK ===

2026-05-24 08:02:01,224 [INFO] [2026-05-24 08:02:01] Ejecutando publicacion programada...
2026-05-24 08:02:01,224 [INFO] === Web Analyzer — Generador de contenido === 2026-05-24T08:02:01.224156
2026-05-24 08:02:01,224 [INFO] Tipo: Auditoria
2026-05-24 08:02:01,225 [INFO] Intento 1/3: auditando www.yahoo.com (Yahoo)
2026-05-24 08:02:03,280 [INFO]   Promedio: 4.8/10 | Categorias: 5
2026-05-24 08:02:03,357 [INFO]   Publicando: Analizamos el sitio de Yahoo — resultados sorprendentes...
2026-05-24 08:02:05,135 [INFO]   Imagen subida: ID 499
2026-05-24 08:02:06,077 [INFO]   Publicado: https://webanalyzer.com.ar/web/yahoo-3/
2026-05-24 08:02:06,083 [INFO]   OK: https://webanalyzer.com.ar/web/yahoo-3/
2026-05-24 08:02:06,088 [INFO] === Resultado: OK ===

2026-05-24 08:03:06,090 [INFO] [2026-05-24 08:03:06] Ejecutando publicacion programada...
2026-05-24 08:03:06,090 [INFO] === Web Analyzer — Generador de contenido === 2026-05-24T08:03:06.090467
2026-05-24 08:03:06,093 [INFO] Tipo: Auditoria
2026-05-24 08:03:06,095 [INFO] Intento 1/3: auditando www.bocajuniors.com.ar (Boca Juniors — Sitio Oficial)
2026-05-24 08:03:08,212 [INFO]   Promedio: 6.0/10 | Categorias: 5
2026-05-24 08:03:08,257 [INFO]   Publicando: Auditamos Boca Juniors — Sitio Oficial: saco 6.0/10 — ¿y tu sitio?...
2026-05-24 08:03:10,013 [INFO]   Imagen subida: ID 505
2026-05-24 08:03:11,026 [INFO]   Publicado: https://webanalyzer.com.ar/web/boca-juniors-sitio-oficial-3/
2026-05-24 08:03:11,034 [INFO]   OK: https://webanalyzer.com.ar/web/boca-juniors-sitio-oficial-3/
2026-05-24 08:03:11,038 [INFO] === Resultado: OK ===

2026-05-24 08:04:11,040 [INFO] [2026-05-24 08:04:11] Ejecutando publicacion programada...
2026-05-24 08:04:11,040 [INFO] === Web Analyzer — Generador de contenido === 2026-05-24T08:04:11.040427
2026-05-24 08:04:11,043 [INFO] Tipo: Auditoria
2026-05-24 08:04:11,045 [INFO] Intento 1/3: auditando www.latercera.com (La Tercera — Chile)
2026-05-24 08:04:13,169 [INFO]   Promedio: 7.0/10 | Categorias: 5
2026-05-24 08:04:13,262 [INFO]   Publicando: Analizamos el sitio de La Tercera — Chile — resultados sorprendentes...
2026-05-24 08:04:15,010 [INFO]   Imagen subida: ID 511
2026-05-24 08:04:15,933 [INFO]   Publicado: https://webanalyzer.com.ar/web/la-tercera-chile-3/
2026-05-24 08:04:15,935 [INFO]   OK: https://webanalyzer.com.ar/web/la-tercera-chile-3/
2026-05-24 08:04:15,936 [INFO] === Resultado: OK ===

2026-05-25 10:02:15,259 [INFO] === Scheduler Web Analyzer iniciado ===
2026-05-25 10:02:15,288 [INFO] Publicara 1 articulo a las 08:00 y 20:00 ART (alternando auditoria/educativo)
2026-05-25 10:02:15,288 [INFO] Ejecucion inicial al arrancar...
2026-05-25 10:02:15,288 [INFO] === Web Analyzer — Generador de contenido === 2026-05-25T10:02:15.288685
2026-05-25 10:02:15,312 [INFO] Tipo: Auditoria
2026-05-25 10:02:15,312 [INFO] Intento 1/3: auditando www.uade.edu.ar (UADE)
2026-05-25 10:02:18,009 [INFO]   Promedio: 7.2/10 | Categorias: 5
2026-05-25 10:02:18,105 [INFO]   Publicando: Scorecard de UADE: 7.2 de 10. ¿El tuyo esta mejor?...
2026-05-25 10:02:21,870 [INFO]   Imagen subida: ID 517
2026-05-25 10:02:25,465 [INFO]   Publicado: https://webanalyzer.com.ar/web/uade-3/
2026-05-25 10:02:25,467 [INFO]   OK: https://webanalyzer.com.ar/web/uade-3/
2026-05-25 10:02:25,468 [INFO] === Resultado: OK ===

2026-05-25 20:00:26,165 [INFO] [2026-05-25 20:00:25] Ejecutando publicacion programada...
2026-05-25 20:00:26,261 [INFO] === Web Analyzer — Generador de contenido === 2026-05-25T20:00:26.254268
2026-05-25 20:00:26,378 [INFO] Tipo: Post educativo
2026-05-25 20:00:26,426 [INFO] Post educativo: Que son los Core Web Vitals y por que Google los exige...
2026-05-25 20:00:28,946 [INFO]   Imagen subida: ID 523
2026-05-25 20:00:32,043 [INFO]   Publicado: https://webanalyzer.com.ar/web/core-web-vitals-google/
2026-05-25 20:00:32,051 [INFO]   OK: https://webanalyzer.com.ar/web/core-web-vitals-google/
2026-05-25 20:00:32,051 [INFO] === Resultado: OK ===

2026-05-25 20:01:32,052 [INFO] [2026-05-25 20:01:32] Ejecutando publicacion programada...
2026-05-25 20:01:32,052 [INFO] === Web Analyzer — Generador de contenido === 2026-05-25T20:01:32.052942
2026-05-25 20:01:32,054 [INFO] Tipo: VS
2026-05-25 20:01:32,082 [INFO] VS: La Tercera Chile vs El Universal Mexico
2026-05-25 20:01:33,857 [INFO]   La Tercera Chile: 7.0/10
2026-05-25 20:01:35,795 [INFO]   El Universal Mexico: 8.0/10
2026-05-25 20:01:36,822 [INFO]   Imagen VS generada: E:\DelMonte\web-analyzer\contenido_generado\la-tercera-chilevsel-universal-mexico.png
2026-05-25 20:01:36,823 [INFO]   Publicando VS: La Tercera Chile vs El Universal Mexico: la batalla por el mejor sitio...
2026-05-25 20:01:38,618 [INFO]   Imagen subida: ID 529
2026-05-25 20:01:39,542 [INFO]   Publicado: https://webanalyzer.com.ar/web/la-tercera-chilevsel-universal-mexico/
2026-05-25 20:01:39,544 [INFO]   OK: https://webanalyzer.com.ar/web/la-tercera-chilevsel-universal-mexico/
2026-05-25 20:01:39,546 [INFO] === Resultado: OK ===

2026-05-25 20:02:39,547 [INFO] [2026-05-25 20:02:39] Ejecutando publicacion programada...
2026-05-25 20:02:39,547 [INFO] === Web Analyzer — Generador de contenido === 2026-05-25T20:02:39.547457
2026-05-25 20:02:39,548 [INFO] Tipo: Auditoria
2026-05-25 20:02:39,549 [INFO] Intento 1/3: auditando www.cronista.com (El Cronista)
2026-05-25 20:02:40,865 [INFO]   Promedio: 7.2/10 | Categorias: 5
2026-05-25 20:02:40,893 [INFO]   Publicando: Analizamos el sitio de El Cronista — resultados sorprendentes...
2026-05-25 20:02:42,916 [INFO]   Imagen subida: ID 535
2026-05-25 20:02:43,877 [INFO]   Publicado: https://webanalyzer.com.ar/web/el-cronista-3/
2026-05-25 20:02:43,879 [INFO]   OK: https://webanalyzer.com.ar/web/el-cronista-3/
2026-05-25 20:02:43,880 [INFO] === Resultado: OK ===

2026-05-25 20:03:43,880 [INFO] [2026-05-25 20:03:43] Ejecutando publicacion programada...
2026-05-25 20:03:43,880 [INFO] === Web Analyzer — Generador de contenido === 2026-05-25T20:03:43.880769
2026-05-25 20:03:43,881 [INFO] Tipo: Post educativo
2026-05-25 20:03:43,881 [INFO] Post educativo: WebP: el formato de imagen que acelera tu sitio al instante...
2026-05-25 20:03:45,739 [INFO]   Imagen subida: ID 541
2026-05-25 20:03:47,102 [INFO]   Publicado: https://webanalyzer.com.ar/web/webp-imagenes-acelerar-sitio/
2026-05-25 20:03:47,105 [INFO]   OK: https://webanalyzer.com.ar/web/webp-imagenes-acelerar-sitio/
2026-05-25 20:03:47,105 [INFO] === Resultado: OK ===

2026-05-25 20:04:47,106 [INFO] [2026-05-25 20:04:47] Ejecutando publicacion programada...
2026-05-25 20:04:47,106 [INFO] === Web Analyzer — Generador de contenido === 2026-05-25T20:04:47.106272
2026-05-25 20:04:47,107 [INFO] Tipo: VS
2026-05-25 20:04:47,109 [INFO] VS: UOL Brasil vs El Tiempo Colombia
2026-05-25 20:04:50,572 [INFO]   UOL Brasil: 7.8/10
2026-05-25 20:04:53,193 [INFO]   El Tiempo Colombia: 7.8/10
2026-05-25 20:04:53,222 [INFO]   Imagen VS generada: E:\DelMonte\web-analyzer\contenido_generado\uol-brasilvsel-tiempo-colombia.png
2026-05-25 20:04:53,223 [INFO]   Publicando VS: UOL Brasil vs El Tiempo Colombia: que sitio esta mejor optimizado?...
2026-05-25 20:04:55,045 [INFO]   Imagen subida: ID 547
2026-05-25 20:04:56,015 [INFO]   Publicado: https://webanalyzer.com.ar/web/uol-brasilvsel-tiempo-colombia/
2026-05-25 20:04:56,020 [INFO]   OK: https://webanalyzer.com.ar/web/uol-brasilvsel-tiempo-colombia/
2026-05-25 20:04:56,022 [INFO] === Resultado: OK ===

2026-05-26 06:41:24,110 [INFO] === Scheduler Web Analyzer iniciado ===
2026-05-26 06:41:24,131 [INFO] Publicara 1 articulo a las 08:00 y 20:00 ART (alternando auditoria/educativo)
2026-05-26 06:41:24,132 [INFO] Ejecucion inicial al arrancar...
2026-05-26 06:41:24,132 [INFO] === Web Analyzer — Generador de contenido === 2026-05-26T06:41:24.132659
2026-05-26 06:41:24,155 [INFO] Tipo: Auditoria
2026-05-26 06:41:24,156 [INFO] Intento 1/3: auditando one-piece.com (One Piece — Sitio Oficial)
2026-05-26 06:41:27,287 [INFO]   Promedio: 4.0/10 | Categorias: 5
2026-05-26 06:41:27,386 [INFO]   Publicando: ¿One Piece — Sitio Oficial pierde clientes? Análisis completo: 4.0/10...
2026-05-26 06:41:28,975 [INFO]   Imagen subida: ID 553
2026-05-26 06:41:31,672 [INFO]   Publicado: https://webanalyzer.com.ar/web/one-piece-sitio-oficial-3/
2026-05-26 06:41:31,673 [INFO]   OK: https://webanalyzer.com.ar/web/one-piece-sitio-oficial-3/
2026-05-26 06:41:31,675 [INFO] === Resultado: OK ===

2026-05-26 08:00:31,711 [INFO] [2026-05-26 08:00:31] Ejecutando publicacion programada...
2026-05-26 08:00:31,711 [INFO] === Web Analyzer — Generador de contenido === 2026-05-26T08:00:31.711857
2026-05-26 08:00:31,747 [INFO] Tipo: Post educativo
2026-05-26 08:00:31,749 [INFO] Post educativo: SEO local: como aparecer en Google cuando buscan tu negocio...
2026-05-26 08:00:32,938 [INFO]   Imagen subida: ID 559
2026-05-26 08:00:33,808 [INFO]   Publicado: https://webanalyzer.com.ar/web/seo-local-google-negocio/
2026-05-26 08:00:33,814 [INFO]   OK: https://webanalyzer.com.ar/web/seo-local-google-negocio/
2026-05-26 08:00:33,814 [INFO] === Resultado: OK ===

2026-05-26 08:01:33,815 [INFO] [2026-05-26 08:01:33] Ejecutando publicacion programada...
2026-05-26 08:01:33,816 [INFO] === Web Analyzer — Generador de contenido === 2026-05-26T08:01:33.815853
2026-05-26 08:01:33,818 [INFO] Tipo: VS
2026-05-26 08:01:33,821 [INFO] VS: Wikipedia vs Wikipedia en Espanol
2026-05-26 08:01:35,675 [INFO]   Wikipedia: 6.2/10
2026-05-26 08:01:37,173 [INFO]   Wikipedia en Espanol: 5.8/10
2026-05-26 08:01:37,821 [INFO]   Imagen VS generada: E:\DelMonte\web-analyzer\contenido_generado\wikipediavswikipedia-en-espanol.png
2026-05-26 08:01:37,821 [INFO]   Publicando VS: Wikipedia vs Wikipedia en Espanol: que sitio esta mejor optimizado?...
2026-05-26 08:01:38,930 [INFO]   Imagen subida: ID 565
2026-05-26 08:01:39,577 [INFO]   Publicado: https://webanalyzer.com.ar/web/wikipediavswikipedia-en-espanol/
2026-05-26 08:01:39,585 [INFO]   OK: https://webanalyzer.com.ar/web/wikipediavswikipedia-en-espanol/
2026-05-26 08:01:39,592 [INFO] === Resultado: OK ===

2026-05-26 08:02:39,593 [INFO] [2026-05-26 08:02:39] Ejecutando publicacion programada...
2026-05-26 08:02:39,593 [INFO] === Web Analyzer — Generador de contenido === 2026-05-26T08:02:39.593917
2026-05-26 08:02:39,594 [INFO] Tipo: Auditoria
2026-05-26 08:02:39,595 [INFO] Intento 1/3: auditando www.clarin.com (Clarin)
2026-05-26 08:02:41,661 [INFO]   Promedio: 5.8/10 | Categorias: 5
2026-05-26 08:02:41,727 [INFO]   Publicando: Clarin obtuvo 5.8/10 en nuestra auditoria web...
2026-05-26 08:02:43,356 [INFO]   Imagen subida: ID 571
2026-05-26 08:02:43,954 [INFO]   Publicado: https://webanalyzer.com.ar/web/clarin-3/
2026-05-26 08:02:43,961 [INFO]   OK: https://webanalyzer.com.ar/web/clarin-3/
2026-05-26 08:02:43,966 [INFO] === Resultado: OK ===

2026-05-26 08:03:43,967 [INFO] [2026-05-26 08:03:43] Ejecutando publicacion programada...
2026-05-26 08:03:43,967 [INFO] === Web Analyzer — Generador de contenido === 2026-05-26T08:03:43.967850
2026-05-26 08:03:43,968 [INFO] Tipo: Post educativo
2026-05-26 08:03:43,968 [INFO] Post educativo: ¿Por que los sitios grandes tienen puntajes bajos en rendimiento?...
2026-05-26 08:03:45,123 [INFO]   Imagen subida: ID 577
2026-05-26 08:03:45,721 [INFO]   Publicado: https://webanalyzer.com.ar/web/sitios-grandes-rendimiento-bajo/
2026-05-26 08:03:45,730 [INFO]   OK: https://webanalyzer.com.ar/web/sitios-grandes-rendimiento-bajo/
2026-05-26 08:03:45,730 [INFO] === Resultado: OK ===

2026-05-26 08:04:45,732 [INFO] [2026-05-26 08:04:45] Ejecutando publicacion programada...
2026-05-26 08:04:45,732 [INFO] === Web Analyzer — Generador de contenido === 2026-05-26T08:04:45.732104
2026-05-26 08:04:45,733 [INFO] Tipo: VS
2026-05-26 08:04:45,733 [INFO] VS: Mercado Libre Argentina vs Mercado Libre Mexico
2026-05-26 08:04:47,358 [INFO]   Mercado Libre Argentina: 7.4/10
2026-05-26 08:04:49,151 [INFO]   Mercado Libre Mexico: 7.4/10
2026-05-26 08:04:49,178 [INFO]   Imagen VS generada: E:\DelMonte\web-analyzer\contenido_generado\mercado-libre-argentinavsmercado-libre-mexico.png
2026-05-26 08:04:49,178 [INFO]   Publicando VS: Duelo de gigantes: Mercado Libre Argentina contra Mercado Libre Mexico...
2026-05-26 08:04:50,428 [INFO]   Imagen subida: ID 583
2026-05-26 08:04:51,103 [INFO]   Publicado: https://webanalyzer.com.ar/web/mercado-libre-argentinavsmercado-libre-mexico/
2026-05-26 08:04:51,111 [INFO]   OK: https://webanalyzer.com.ar/web/mercado-libre-argentinavsmercado-libre-mexico/
2026-05-26 08:04:51,116 [INFO] === Resultado: OK ===

2026-05-26 20:00:51,492 [INFO] [2026-05-26 20:00:51] Ejecutando publicacion programada...
2026-05-26 20:00:51,496 [INFO] === Web Analyzer — Generador de contenido === 2026-05-26T20:00:51.496718
2026-05-26 20:00:51,672 [INFO] Tipo: Auditoria
2026-05-26 20:00:51,673 [INFO] Intento 1/3: auditando www.argentina.gob.ar (Argentina.gob.ar)
2026-05-26 20:00:52,776 [INFO]   Promedio: 6.6/10 | Categorias: 5
2026-05-26 20:00:52,837 [INFO]   Publicando: Analizamos el sitio de Argentina.gob.ar — resultados sorprendentes...
2026-05-26 20:00:54,835 [INFO]   Imagen subida: ID 589
2026-05-26 20:00:58,116 [INFO]   Publicado: https://webanalyzer.com.ar/web/argentinagobar-2/
2026-05-26 20:00:58,118 [INFO]   OK: https://webanalyzer.com.ar/web/argentinagobar-2/
2026-05-26 20:00:58,120 [INFO] === Resultado: OK ===

2026-05-26 20:01:58,121 [INFO] [2026-05-26 20:01:58] Ejecutando publicacion programada...
2026-05-26 20:01:58,121 [INFO] === Web Analyzer — Generador de contenido === 2026-05-26T20:01:58.121372
2026-05-26 20:01:58,121 [INFO] Tipo: Post educativo
2026-05-26 20:01:58,122 [INFO] Post educativo: Por que tu WordPress deberia usar un tema liviano...
2026-05-26 20:02:00,264 [INFO]   Imagen subida: ID 595
2026-05-26 20:02:01,332 [INFO]   Publicado: https://webanalyzer.com.ar/web/wordpress-tema-liviano/
2026-05-26 20:02:01,334 [INFO]   OK: https://webanalyzer.com.ar/web/wordpress-tema-liviano/
2026-05-26 20:02:01,334 [INFO] === Resultado: OK ===

2026-05-26 20:03:01,335 [INFO] [2026-05-26 20:03:01] Ejecutando publicacion programada...
2026-05-26 20:03:01,336 [INFO] === Web Analyzer — Generador de contenido === 2026-05-26T20:03:01.336910
2026-05-26 20:03:01,338 [INFO] Tipo: VS
2026-05-26 20:03:01,341 [INFO] VS: La Nacion vs Pagina 12
2026-05-26 20:03:03,564 [INFO]   La Nacion: 7.4/10
2026-05-26 20:03:05,280 [INFO]   Pagina 12: 6.4/10
2026-05-26 20:03:05,298 [INFO]   Imagen VS generada: E:\DelMonte\web-analyzer\contenido_generado\la-nacionvspagina-12.png
2026-05-26 20:03:05,299 [INFO]   Publicando VS: La Nacion vs Pagina 12: que sitio esta mejor optimizado?...
2026-05-26 20:03:07,029 [INFO]   Imagen subida: ID 601
2026-05-26 20:03:07,975 [INFO]   Publicado: https://webanalyzer.com.ar/web/la-nacionvspagina-12/
2026-05-26 20:03:07,983 [INFO]   OK: https://webanalyzer.com.ar/web/la-nacionvspagina-12/
2026-05-26 20:03:07,989 [INFO] === Resultado: OK ===

2026-05-26 20:04:07,990 [INFO] [2026-05-26 20:04:07] Ejecutando publicacion programada...
2026-05-26 20:04:07,990 [INFO] === Web Analyzer — Generador de contenido === 2026-05-26T20:04:07.990718
2026-05-26 20:04:07,994 [INFO] Tipo: Auditoria
2026-05-26 20:04:07,996 [INFO] Intento 1/3: auditando www.booking.com (Booking.com)
2026-05-26 20:04:09,016 [INFO]   Promedio: 5.6/10 | Categorias: 5
2026-05-26 20:04:09,057 [INFO]   Publicando: Auditamos Booking.com: saco 5.6/10 — ¿y tu sitio?...
2026-05-26 20:04:11,935 [INFO]   Imagen subida: ID 607
2026-05-26 20:04:12,866 [INFO]   Publicado: https://webanalyzer.com.ar/web/bookingcom-2/
2026-05-26 20:04:12,868 [INFO]   OK: https://webanalyzer.com.ar/web/bookingcom-2/
2026-05-26 20:04:12,871 [INFO] === Resultado: OK ===

2026-05-27 06:56:40,708 [INFO] === Scheduler Web Analyzer iniciado ===
2026-05-27 06:56:40,708 [INFO] Publicara 1 articulo a las 08:00 y 20:00 ART (alternando auditoria/educativo)
2026-05-27 06:56:40,710 [INFO] Ejecucion inicial al arrancar...
2026-05-27 06:56:40,710 [INFO] === Web Analyzer — Generador de contenido === 2026-05-27T06:56:40.710153
2026-05-27 06:56:40,731 [INFO] Tipo: Post educativo
2026-05-27 06:56:40,732 [INFO] Post educativo: WordPress lento: 4 soluciones que aplicamos y funcionan...
2026-05-27 06:56:42,835 [INFO]   Imagen subida: ID 613
2026-05-27 06:56:45,850 [INFO]   Publicado: https://webanalyzer.com.ar/web/wordpress-lento-soluciones/
2026-05-27 06:56:45,851 [INFO]   OK: https://webanalyzer.com.ar/web/wordpress-lento-soluciones/
2026-05-27 06:56:45,851 [INFO] === Resultado: OK ===

2026-05-27 06:57:35,181 [INFO] === Scheduler Web Analyzer iniciado ===
2026-05-27 06:57:35,181 [INFO] Publicara 1 articulo a las 08:00 y 20:00 ART (alternando auditoria/educativo)
2026-05-27 06:57:35,181 [INFO] Ejecucion inicial al arrancar...
2026-05-27 06:57:35,181 [INFO] === Web Analyzer — Generador de contenido === 2026-05-27T06:57:35.181945
2026-05-27 06:57:35,181 [INFO] Tipo: VS
2026-05-27 06:57:35,182 [INFO] VS: Diario Ole vs TyC Sports
2026-05-27 06:57:37,375 [INFO]   Diario Ole: 6.8/10
2026-05-27 06:57:39,170 [INFO]   TyC Sports: 7.0/10
2026-05-27 06:57:39,240 [INFO]   Imagen VS generada: E:\DelMonte\web-analyzer\contenido_generado\diario-olevstyc-sports.png
2026-05-27 06:57:39,241 [INFO]   Publicando VS: Duelo de gigantes: Diario Ole contra TyC Sports -- cual tiene mejor we...
2026-05-27 06:57:41,030 [INFO]   Imagen subida: ID 619
2026-05-27 06:57:42,010 [INFO]   Publicado: https://webanalyzer.com.ar/web/diario-olevstyc-sports/
2026-05-27 06:57:42,012 [INFO]   OK: https://webanalyzer.com.ar/web/diario-olevstyc-sports/
2026-05-27 06:57:42,015 [INFO] === Resultado: OK ===

2026-05-27 08:00:42,046 [INFO] [2026-05-27 08:00:42] Ejecutando publicacion programada...
2026-05-27 08:00:42,046 [INFO] === Web Analyzer — Generador de contenido === 2026-05-27T08:00:42.046076
2026-05-27 08:00:42,086 [INFO] Tipo: Auditoria
2026-05-27 08:00:42,087 [INFO] Intento 1/3: auditando www.eltiempo.com (El Tiempo — Colombia)
2026-05-27 08:00:44,420 [INFO]   Promedio: 7.6/10 | Categorias: 5
2026-05-27 08:00:44,523 [INFO]   Publicando: Analizamos el sitio de El Tiempo — Colombia — resultados sorprendentes...
2026-05-27 08:00:46,790 [INFO]   Imagen subida: ID 625
2026-05-27 08:00:47,717 [INFO]   Publicado: https://webanalyzer.com.ar/web/el-tiempo-colombia-3/
2026-05-27 08:00:47,719 [INFO]   OK: https://webanalyzer.com.ar/web/el-tiempo-colombia-3/
2026-05-27 08:00:47,720 [INFO] === Resultado: OK ===

2026-05-27 08:01:47,721 [INFO] [2026-05-27 08:01:47] Ejecutando publicacion programada...
2026-05-27 08:01:47,721 [INFO] === Web Analyzer — Generador de contenido === 2026-05-27T08:01:47.721621
2026-05-27 08:01:47,723 [INFO] Tipo: Post educativo
2026-05-27 08:01:47,725 [INFO] Post educativo: La velocidad de tu sitio afecta tus ventas (y tenemos los numeros)...
2026-05-27 08:01:49,507 [INFO]   Imagen subida: ID 631
2026-05-27 08:01:50,404 [INFO]   Publicado: https://webanalyzer.com.ar/web/velocidad-sitio-ventas-numeros/
2026-05-27 08:01:50,411 [INFO]   OK: https://webanalyzer.com.ar/web/velocidad-sitio-ventas-numeros/
2026-05-27 08:01:50,412 [INFO] === Resultado: OK ===

2026-05-27 08:02:50,414 [INFO] [2026-05-27 08:02:50] Ejecutando publicacion programada...
2026-05-27 08:02:50,415 [INFO] === Web Analyzer — Generador de contenido === 2026-05-27T08:02:50.415178
2026-05-27 08:02:50,419 [INFO] Tipo: VS
2026-05-27 08:02:50,422 [INFO] VS: River Plate vs Boca Juniors
2026-05-27 08:02:52,290 [INFO]   River Plate: 3.2/10
2026-05-27 08:02:54,198 [INFO]   Boca Juniors: 6.0/10
2026-05-27 08:02:54,216 [INFO]   Imagen VS generada: E:\DelMonte\web-analyzer\contenido_generado\river-platevsboca-juniors.png
2026-05-27 08:02:54,217 [INFO]   Publicando VS: Cara a cara: auditamos River Plate y Boca Juniors -- el resultado te v...
2026-05-27 08:02:56,324 [INFO]   Imagen subida: ID 637
2026-05-27 08:02:57,490 [INFO]   Publicado: https://webanalyzer.com.ar/web/river-platevsboca-juniors/
2026-05-27 08:02:57,492 [INFO]   OK: https://webanalyzer.com.ar/web/river-platevsboca-juniors/
2026-05-27 08:02:57,494 [INFO] === Resultado: OK ===

2026-05-27 08:03:57,495 [INFO] [2026-05-27 08:03:57] Ejecutando publicacion programada...
2026-05-27 08:03:57,495 [INFO] === Web Analyzer — Generador de contenido === 2026-05-27T08:03:57.495587
2026-05-27 08:03:57,497 [INFO] Tipo: Auditoria
2026-05-27 08:03:57,498 [INFO] Intento 1/3: auditando www.mercadolibre.com.ar (Mercado Libre Argentina)
2026-05-27 08:03:59,200 [INFO]   Promedio: 7.4/10 | Categorias: 5
2026-05-27 08:03:59,283 [INFO]   Publicando: Mercado Libre Argentina obtuvo 7.4/10 en nuestra auditoria web...
2026-05-27 08:04:01,093 [INFO]   Imagen subida: ID 643
2026-05-27 08:04:02,025 [INFO]   Publicado: https://webanalyzer.com.ar/web/mercado-libre-argentina-3/
2026-05-27 08:04:02,032 [INFO]   OK: https://webanalyzer.com.ar/web/mercado-libre-argentina-3/
2026-05-27 08:04:02,038 [INFO] === Resultado: OK ===

2026-05-28 06:59:25,823 [INFO] === Scheduler Web Analyzer iniciado ===
2026-05-28 06:59:25,843 [INFO] Publicara 1 articulo a las 08:00 y 20:00 ART (alternando auditoria/educativo)
2026-05-28 06:59:25,843 [INFO] Ejecucion inicial al arrancar...
2026-05-28 06:59:25,843 [INFO] === Web Analyzer — Generador de contenido === 2026-05-28T06:59:25.843554
2026-05-28 06:59:25,964 [INFO] Tipo: Post educativo
2026-05-28 06:59:25,965 [INFO] Todos los posts educativos publicados. Reiniciando tracking.
2026-05-28 06:59:25,965 [INFO] Post educativo: Formularios accesibles: no pierdas clientes por un input roto...
2026-05-28 06:59:28,249 [INFO]   Imagen subida: ID 649
2026-05-28 06:59:31,363 [INFO]   Publicado: https://webanalyzer.com.ar/web/formularios-accesibles-web-2/
2026-05-28 06:59:31,365 [INFO]   OK: https://webanalyzer.com.ar/web/formularios-accesibles-web-2/
2026-05-28 06:59:31,365 [INFO] === Resultado: OK ===

2026-05-28 08:00:31,421 [INFO] [2026-05-28 08:00:31] Ejecutando publicacion programada...
2026-05-28 08:00:31,421 [INFO] === Web Analyzer — Generador de contenido === 2026-05-28T08:00:31.421729
2026-05-28 08:00:31,449 [INFO] Tipo: VS
2026-05-28 08:00:31,452 [INFO] VS: El Cronista vs Ambito Financiero
2026-05-28 08:00:32,862 [INFO]   El Cronista: 7.2/10
2026-05-28 08:00:34,759 [INFO]   Ambito Financiero: 7.8/10
2026-05-28 08:00:35,693 [INFO]   Imagen VS generada: E:\DelMonte\web-analyzer\contenido_generado\el-cronistavsambito-financiero.png
2026-05-28 08:00:35,693 [INFO]   Publicando VS: El Cronista vs Ambito Financiero: la batalla por el mejor sitio web...
2026-05-28 08:00:37,464 [INFO]   Imagen subida: ID 655
2026-05-28 08:00:38,394 [INFO]   Publicado: https://webanalyzer.com.ar/web/el-cronistavsambito-financiero/
2026-05-28 08:00:38,397 [INFO]   OK: https://webanalyzer.com.ar/web/el-cronistavsambito-financiero/
2026-05-28 08:00:38,399 [INFO] === Resultado: OK ===

2026-05-28 08:01:38,399 [INFO] [2026-05-28 08:01:38] Ejecutando publicacion programada...
2026-05-28 08:01:38,399 [INFO] === Web Analyzer — Generador de contenido === 2026-05-28T08:01:38.399671
2026-05-28 08:01:38,401 [INFO] Tipo: Auditoria
2026-05-28 08:01:38,403 [INFO] Intento 1/3: auditando www.stackoverflow.com (Stack Overflow)
2026-05-28 08:01:40,553 [INFO]   Promedio: 5.8/10 | Categorias: 5
2026-05-28 08:01:40,635 [INFO]   Publicando: Auditamos Stack Overflow: saco 5.8/10 — ¿y tu sitio?...
2026-05-28 08:01:42,475 [INFO]   Imagen subida: ID 661
2026-05-28 08:01:43,408 [INFO]   Publicado: https://webanalyzer.com.ar/web/stack-overflow-3/
2026-05-28 08:01:43,411 [INFO]   OK: https://webanalyzer.com.ar/web/stack-overflow-3/
2026-05-28 08:01:43,412 [INFO] === Resultado: OK ===

2026-05-28 08:02:43,413 [INFO] [2026-05-28 08:02:43] Ejecutando publicacion programada...
2026-05-28 08:02:43,413 [INFO] === Web Analyzer — Generador de contenido === 2026-05-28T08:02:43.413730
2026-05-28 08:02:43,414 [INFO] Tipo: Post educativo
2026-05-28 08:02:43,414 [INFO] Post educativo: JavaScript bloqueante: el asesino silencioso de tu velocidad...
2026-05-28 08:02:45,240 [INFO]   Imagen subida: ID 667
2026-05-28 08:02:46,155 [INFO]   Publicado: https://webanalyzer.com.ar/web/javascript-bloqueante-rendimiento-2/
2026-05-28 08:02:46,156 [INFO]   OK: https://webanalyzer.com.ar/web/javascript-bloqueante-rendimiento-2/
2026-05-28 08:02:46,156 [INFO] === Resultado: OK ===

2026-05-28 08:03:46,158 [INFO] [2026-05-28 08:03:46] Ejecutando publicacion programada...
2026-05-28 08:03:46,158 [INFO] === Web Analyzer — Generador de contenido === 2026-05-28T08:03:46.158396
2026-05-28 08:03:46,158 [INFO] Tipo: VS
2026-05-28 08:03:46,159 [INFO] VS: Infobae vs Clarin
2026-05-28 08:03:48,180 [INFO]   Infobae: 6.6/10
2026-05-28 08:03:50,391 [INFO]   Clarin: 5.6/10
2026-05-28 08:03:50,405 [INFO]   Imagen VS generada: E:\DelMonte\web-analyzer\contenido_generado\infobaevsclarin.png
2026-05-28 08:03:50,405 [INFO]   Publicando VS: Cara a cara: auditamos Infobae y Clarin -- el resultado te va a sorpre...
2026-05-28 08:03:52,427 [INFO]   Imagen subida: ID 673
2026-05-28 08:03:53,356 [INFO]   Publicado: https://webanalyzer.com.ar/web/infobaevsclarin/
2026-05-28 08:03:53,359 [INFO]   OK: https://webanalyzer.com.ar/web/infobaevsclarin/
2026-05-28 08:03:53,361 [INFO] === Resultado: OK ===

2026-05-28 08:04:53,361 [INFO] [2026-05-28 08:04:53] Ejecutando publicacion programada...
2026-05-28 08:04:53,362 [INFO] === Web Analyzer — Generador de contenido === 2026-05-28T08:04:53.362459
2026-05-28 08:04:53,363 [INFO] Tipo: Auditoria
2026-05-28 08:04:53,365 [INFO] Intento 1/3: auditando www.pagina12.com.ar (Pagina 12)
2026-05-28 08:04:54,963 [INFO]   Promedio: 6.6/10 | Categorias: 5
2026-05-28 08:04:54,991 [INFO]   Publicando: ¿Pagina 12 pierde clientes? Análisis completo: 6.6/10...
2026-05-28 08:04:57,054 [INFO]   Imagen subida: ID 679
2026-05-28 08:04:57,969 [INFO]   Publicado: https://webanalyzer.com.ar/web/pagina-12-3/
2026-05-28 08:04:57,973 [INFO]   OK: https://webanalyzer.com.ar/web/pagina-12-3/
2026-05-28 08:04:57,974 [INFO] === Resultado: OK ===

2026-05-28 21:02:20,835 [INFO] === Scheduler Web Analyzer iniciado ===
2026-05-28 21:02:20,862 [INFO] Publicara 1 articulo a las 08:00 y 20:00 ART (alternando auditoria/educativo)
2026-05-28 21:02:20,862 [INFO] Ejecucion inicial al arrancar...
2026-05-28 21:02:20,862 [INFO] === Web Analyzer — Generador de contenido === 2026-05-28T21:02:20.862359
2026-05-28 21:02:20,886 [INFO] Tipo: Post educativo
2026-05-28 21:02:20,886 [INFO] Post educativo: Plugins de WordPress: menos es mas...
2026-05-28 21:02:23,320 [INFO]   Imagen subida: ID 685
2026-05-28 21:02:26,587 [INFO]   Publicado: https://webanalyzer.com.ar/web/plugins-wordpress-menos-es-mas-2/
2026-05-28 21:02:26,589 [INFO]   OK: https://webanalyzer.com.ar/web/plugins-wordpress-menos-es-mas-2/
2026-05-28 21:02:26,589 [INFO] === Resultado: OK ===

2026-05-29 17:37:29,753 [INFO] === Scheduler Web Analyzer iniciado ===
2026-05-29 17:37:29,789 [INFO] Publicara 1 articulo a las 08:00 y 20:00 ART (alternando auditoria/educativo)
2026-05-29 17:37:29,789 [INFO] Ejecucion inicial al arrancar...
2026-05-29 17:37:29,789 [INFO] === Web Analyzer — Generador de contenido === 2026-05-29T17:37:29.789109
2026-05-29 17:37:29,812 [INFO] Tipo: VS
2026-05-29 17:37:29,812 [INFO] Todos los VS fueron publicados. Reiniciando tracking VS.
2026-05-29 17:37:29,813 [INFO] VS: La Tercera Chile vs El Universal Mexico
2026-05-29 17:37:31,788 [INFO]   La Tercera Chile: 6.8/10
2026-05-29 17:37:33,870 [INFO]   El Universal Mexico: 8.0/10
2026-05-29 17:37:34,071 [INFO]   Imagen VS generada: E:\DelMonte\web-analyzer\contenido_generado\la-tercera-chilevsel-universal-mexico.png
2026-05-29 17:37:34,072 [INFO]   Publicando VS: Duelo de gigantes: La Tercera Chile contra El Universal Mexico -- cual...
2026-05-29 17:37:36,223 [INFO]   Imagen subida: ID 691
2026-05-29 17:37:39,199 [INFO]   Publicado: https://webanalyzer.com.ar/web/la-tercera-chilevsel-universal-mexico-2/
2026-05-29 17:37:39,200 [INFO]   OK: https://webanalyzer.com.ar/web/la-tercera-chilevsel-universal-mexico-2/
2026-05-29 17:37:39,204 [INFO] === Resultado: OK ===

2026-05-29 20:00:39,279 [INFO] [2026-05-29 20:00:39] Ejecutando publicacion programada...
2026-05-29 20:00:39,281 [INFO] === Web Analyzer — Generador de contenido === 2026-05-29T20:00:39.281886
2026-05-29 20:00:39,325 [INFO] Tipo: Auditoria
2026-05-29 20:00:39,326 [INFO] Intento 1/3: auditando www.uol.com.br (UOL — Brasil)
2026-05-29 20:00:43,274 [INFO]   Promedio: 8.0/10 | Categorias: 5
2026-05-29 20:00:43,368 [INFO]   Publicando: ¿UOL — Brasil pierde clientes? Análisis completo: 8.0/10...
2026-05-29 20:00:45,212 [INFO]   Imagen subida: ID 697
2026-05-29 20:00:46,144 [INFO]   Publicado: https://webanalyzer.com.ar/web/uol-brasil-3/
2026-05-29 20:00:46,145 [INFO]   OK: https://webanalyzer.com.ar/web/uol-brasil-3/
2026-05-29 20:00:46,147 [INFO] === Resultado: OK ===

2026-05-29 20:01:46,148 [INFO] [2026-05-29 20:01:46] Ejecutando publicacion programada...
2026-05-29 20:01:46,148 [INFO] === Web Analyzer — Generador de contenido === 2026-05-29T20:01:46.148578
2026-05-29 20:01:46,149 [INFO] Tipo: Post educativo
2026-05-29 20:01:46,150 [INFO] Post educativo: HTTPS: si tu sitio no tiene candado, perdes visitantes...
2026-05-29 20:01:50,431 [INFO]   Imagen subida: ID 703
2026-05-29 20:01:51,354 [INFO]   Publicado: https://webanalyzer.com.ar/web/https-candado-sitio-seguro-2/
2026-05-29 20:01:51,357 [INFO]   OK: https://webanalyzer.com.ar/web/https-candado-sitio-seguro-2/
2026-05-29 20:01:51,357 [INFO] === Resultado: OK ===

2026-05-29 20:02:51,393 [INFO] [2026-05-29 20:02:51] Ejecutando publicacion programada...
2026-05-29 20:02:51,393 [INFO] === Web Analyzer — Generador de contenido === 2026-05-29T20:02:51.393035
2026-05-29 20:02:51,393 [INFO] Tipo: VS
2026-05-29 20:02:51,394 [INFO] VS: Wikipedia vs Wikipedia en Espanol
2026-05-29 20:02:52,794 [INFO]   Wikipedia: 6.2/10
2026-05-29 20:02:54,143 [INFO]   Wikipedia en Espanol: 5.8/10
2026-05-29 20:02:54,228 [INFO]   Imagen VS generada: E:\DelMonte\web-analyzer\contenido_generado\wikipediavswikipedia-en-espanol.png
2026-05-29 20:02:54,229 [INFO]   Publicando VS: Duelo de gigantes: Wikipedia contra Wikipedia en Espanol -- cual tiene...
2026-05-29 20:02:55,968 [INFO]   Imagen subida: ID 709
2026-05-29 20:02:56,902 [INFO]   Publicado: https://webanalyzer.com.ar/web/wikipediavswikipedia-en-espanol-2/
2026-05-29 20:02:56,908 [INFO]   OK: https://webanalyzer.com.ar/web/wikipediavswikipedia-en-espanol-2/
2026-05-29 20:02:56,917 [INFO] === Resultado: OK ===

2026-05-29 20:03:56,918 [INFO] [2026-05-29 20:03:56] Ejecutando publicacion programada...
2026-05-29 20:03:56,918 [INFO] === Web Analyzer — Generador de contenido === 2026-05-29T20:03:56.918646
2026-05-29 20:03:56,920 [INFO] Tipo: Auditoria
2026-05-29 20:03:56,922 [INFO] Intento 1/3: auditando www.wikipedia.org (Wikipedia)
2026-05-29 20:03:58,233 [INFO]   Promedio: 6.2/10 | Categorias: 5
2026-05-29 20:03:58,263 [INFO]   Publicando: Scorecard de Wikipedia: 6.2 de 10. ¿El tuyo esta mejor?...
2026-05-29 20:04:00,019 [INFO]   Imagen subida: ID 715
2026-05-29 20:04:00,948 [INFO]   Publicado: https://webanalyzer.com.ar/web/wikipedia-3/
2026-05-29 20:04:00,951 [INFO]   OK: https://webanalyzer.com.ar/web/wikipedia-3/
2026-05-29 20:04:00,952 [INFO] === Resultado: OK ===

2026-05-30 08:00:58,269 [INFO] [2026-05-30 08:00:58] Ejecutando publicacion programada...
2026-05-30 08:00:58,270 [INFO] === Web Analyzer — Generador de contenido === 2026-05-30T08:00:58.270159
2026-05-30 08:00:58,303 [INFO] Tipo: Post educativo
2026-05-30 08:00:58,304 [INFO] Post educativo: ¿Por que los sitios grandes tienen puntajes bajos en rendimiento?...
2026-05-30 08:01:00,630 [INFO]   Imagen subida: ID 721
2026-05-30 08:01:03,928 [INFO]   Publicado: https://webanalyzer.com.ar/web/sitios-grandes-rendimiento-bajo-2/
2026-05-30 08:01:03,936 [INFO]   OK: https://webanalyzer.com.ar/web/sitios-grandes-rendimiento-bajo-2/
2026-05-30 08:01:03,936 [INFO] === Resultado: OK ===

2026-05-30 08:02:03,938 [INFO] [2026-05-30 08:02:03] Ejecutando publicacion programada...
2026-05-30 08:02:03,938 [INFO] === Web Analyzer — Generador de contenido === 2026-05-30T08:02:03.938191
2026-05-30 08:02:03,940 [INFO] Tipo: VS
2026-05-30 08:02:03,941 [INFO] VS: Infobae vs Clarin
2026-05-30 08:02:05,722 [INFO]   Infobae: 6.6/10
2026-05-30 08:02:07,973 [INFO]   Clarin: 5.6/10
2026-05-30 08:02:07,995 [INFO]   Imagen VS generada: E:\DelMonte\web-analyzer\contenido_generado\infobaevsclarin.png
2026-05-30 08:02:07,996 [INFO]   Publicando VS: Infobae vs Clarin: la batalla por el mejor sitio web...
2026-05-30 08:02:09,851 [INFO]   Imagen subida: ID 727
2026-05-30 08:02:10,788 [INFO]   Publicado: https://webanalyzer.com.ar/web/infobaevsclarin-2/
2026-05-30 08:02:10,790 [INFO]   OK: https://webanalyzer.com.ar/web/infobaevsclarin-2/
2026-05-30 08:02:10,792 [INFO] === Resultado: OK ===

2026-05-30 08:03:10,793 [INFO] [2026-05-30 08:03:10] Ejecutando publicacion programada...
2026-05-30 08:03:10,793 [INFO] === Web Analyzer — Generador de contenido === 2026-05-30T08:03:10.793327
2026-05-30 08:03:10,794 [INFO] Tipo: Auditoria
2026-05-30 08:03:10,797 [INFO] Intento 1/3: auditando www.ambito.com (Ambito Financiero)
2026-05-30 08:03:12,692 [INFO]   Promedio: 7.4/10 | Categorias: 5
2026-05-30 08:03:12,722 [INFO]   Publicando: Auditamos Ambito Financiero: saco 7.4/10 — ¿y tu sitio?...
2026-05-30 08:03:14,644 [INFO]   Imagen subida: ID 733
2026-05-30 08:03:15,590 [INFO]   Publicado: https://webanalyzer.com.ar/web/ambito-financiero-3/
2026-05-30 08:03:15,593 [INFO]   OK: https://webanalyzer.com.ar/web/ambito-financiero-3/
2026-05-30 08:03:15,594 [INFO] === Resultado: OK ===

2026-05-30 08:04:15,595 [INFO] [2026-05-30 08:04:15] Ejecutando publicacion programada...
2026-05-30 08:04:15,595 [INFO] === Web Analyzer — Generador de contenido === 2026-05-30T08:04:15.595255
2026-05-30 08:04:15,596 [INFO] Tipo: Post educativo
2026-05-30 08:04:15,597 [INFO] Post educativo: Que son los Core Web Vitals y por que Google los exige...
2026-05-30 08:04:17,922 [INFO]   Imagen subida: ID 739
2026-05-30 08:04:18,885 [INFO]   Publicado: https://webanalyzer.com.ar/web/core-web-vitals-google-2/
2026-05-30 08:04:18,889 [INFO]   OK: https://webanalyzer.com.ar/web/core-web-vitals-google-2/
2026-05-30 08:04:18,889 [INFO] === Resultado: OK ===

2026-05-30 20:00:19,242 [INFO] [2026-05-30 20:00:19] Ejecutando publicacion programada...
2026-05-30 20:00:19,244 [INFO] === Web Analyzer — Generador de contenido === 2026-05-30T20:00:19.244003
2026-05-30 20:00:19,298 [INFO] Tipo: VS
2026-05-30 20:00:19,299 [INFO] VS: Diario Ole vs TyC Sports
2026-05-30 20:00:22,950 [INFO]   Diario Ole: 6.6/10
2026-05-30 20:00:26,289 [INFO]   TyC Sports: 7.4/10
2026-05-30 20:00:26,358 [INFO]   Imagen VS generada: E:\DelMonte\web-analyzer\contenido_generado\diario-olevstyc-sports.png
2026-05-30 20:00:26,359 [INFO]   Publicando VS: Quien gana? Diario Ole vs TyC Sports -- auditoria completa...
2026-05-30 20:00:47,516 [ERROR]   WP request: HTTPSConnectionPool(host='webanalyzer.com.ar', port=443): Max retries exceeded with url: /web/wp-json/wp/v2/media (Caused by ConnectTimeoutError(<HTTPSConnection(host='webanalyzer.com.ar', port=443) at 0x17807f26c50>, 'Connection to webanalyzer.com.ar timed out. (connect timeout=30)'))
2026-05-30 20:00:47,517 [WARNING]   WP fallo la publicacion del VS
2026-05-30 20:00:47,517 [INFO] === Resultado: FALLO ===

2026-05-30 20:01:47,518 [INFO] [2026-05-30 20:01:47] Ejecutando publicacion programada...
2026-05-30 20:01:47,518 [INFO] === Web Analyzer — Generador de contenido === 2026-05-30T20:01:47.518212
2026-05-30 20:01:47,518 [INFO] Tipo: VS
2026-05-30 20:01:47,519 [INFO] VS: Mercado Libre Argentina vs Mercado Libre Mexico
2026-05-30 20:01:50,066 [INFO]   Mercado Libre Argentina: 7.4/10
2026-05-30 20:01:52,770 [INFO]   Mercado Libre Mexico: 7.4/10
2026-05-30 20:01:52,784 [INFO]   Imagen VS generada: E:\DelMonte\web-analyzer\contenido_generado\mercado-libre-argentinavsmercado-libre-mexico.png
2026-05-30 20:01:52,786 [INFO]   Publicando VS: Mercado Libre Argentina vs Mercado Libre Mexico: la batalla por el mej...
2026-05-30 20:02:13,835 [ERROR]   WP request: HTTPSConnectionPool(host='webanalyzer.com.ar', port=443): Max retries exceeded with url: /web/wp-json/wp/v2/media (Caused by ConnectTimeoutError(<HTTPSConnection(host='webanalyzer.com.ar', port=443) at 0x17807e33c50>, 'Connection to webanalyzer.com.ar timed out. (connect timeout=30)'))
2026-05-30 20:02:13,835 [WARNING]   WP fallo la publicacion del VS
2026-05-30 20:02:13,835 [INFO] === Resultado: FALLO ===

2026-05-30 20:03:13,836 [INFO] [2026-05-30 20:03:13] Ejecutando publicacion programada...
2026-05-30 20:03:13,836 [INFO] === Web Analyzer — Generador de contenido === 2026-05-30T20:03:13.836583
2026-05-30 20:03:13,838 [INFO] Tipo: VS
2026-05-30 20:03:13,840 [INFO] VS: River Plate vs Boca Juniors
2026-05-30 20:03:15,681 [INFO]   River Plate: 3.2/10
2026-05-30 20:03:18,080 [INFO]   Boca Juniors: 6.0/10
2026-05-30 20:03:18,095 [INFO]   Imagen VS generada: E:\DelMonte\web-analyzer\contenido_generado\river-platevsboca-juniors.png
2026-05-30 20:03:18,096 [INFO]   Publicando VS: Cara a cara: auditamos River Plate y Boca Juniors -- el resultado te v...
2026-05-30 20:03:39,141 [ERROR]   WP request: HTTPSConnectionPool(host='webanalyzer.com.ar', port=443): Max retries exceeded with url: /web/wp-json/wp/v2/media (Caused by ConnectTimeoutError(<HTTPSConnection(host='webanalyzer.com.ar', port=443) at 0x17807f4fe90>, 'Connection to webanalyzer.com.ar timed out. (connect timeout=30)'))
2026-05-30 20:03:39,141 [WARNING]   WP fallo la publicacion del VS
2026-05-30 20:03:39,141 [INFO] === Resultado: FALLO ===

2026-05-30 20:04:39,143 [INFO] [2026-05-30 20:04:39] Ejecutando publicacion programada...
2026-05-30 20:04:39,143 [INFO] === Web Analyzer — Generador de contenido === 2026-05-30T20:04:39.143284
2026-05-30 20:04:39,145 [INFO] Tipo: VS
2026-05-30 20:04:39,146 [INFO] VS: UOL Brasil vs El Tiempo Colombia
2026-05-30 20:04:43,062 [INFO]   UOL Brasil: 8.0/10
2026-05-30 20:04:45,253 [INFO]   El Tiempo Colombia: 7.0/10
2026-05-30 20:04:45,270 [INFO]   Imagen VS generada: E:\DelMonte\web-analyzer\contenido_generado\uol-brasilvsel-tiempo-colombia.png
2026-05-30 20:04:45,271 [INFO]   Publicando VS: UOL Brasil vs El Tiempo Colombia: la batalla por el mejor sitio web...
2026-05-30 20:05:06,332 [ERROR]   WP request: HTTPSConnectionPool(host='webanalyzer.com.ar', port=443): Max retries exceeded with url: /web/wp-json/wp/v2/media (Caused by ConnectTimeoutError(<HTTPSConnection(host='webanalyzer.com.ar', port=443) at 0x17807f24a90>, 'Connection to webanalyzer.com.ar timed out. (connect timeout=30)'))
2026-05-30 20:05:06,333 [WARNING]   WP fallo la publicacion del VS
2026-05-30 20:05:06,333 [INFO] === Resultado: FALLO ===

2026-05-31 08:00:06,693 [INFO] [2026-05-31 08:00:06] Ejecutando publicacion programada...
2026-05-31 08:00:06,694 [INFO] === Web Analyzer — Generador de contenido === 2026-05-31T08:00:06.694870
2026-05-31 08:00:06,708 [INFO] Tipo: VS
2026-05-31 08:00:06,709 [INFO] VS: La Nacion vs Pagina 12
2026-05-31 08:00:09,133 [INFO]   La Nacion: 7.4/10
2026-05-31 08:00:10,957 [INFO]   Pagina 12: 6.4/10
2026-05-31 08:00:11,007 [INFO]   Imagen VS generada: E:\DelMonte\web-analyzer\contenido_generado\la-nacionvspagina-12.png
2026-05-31 08:00:11,007 [INFO]   Publicando VS: Duelo de gigantes: La Nacion contra Pagina 12 -- cual tiene mejor web?...
2026-05-31 08:00:32,198 [ERROR]   WP request: HTTPSConnectionPool(host='webanalyzer.com.ar', port=443): Max retries exceeded with url: /web/wp-json/wp/v2/media (Caused by ConnectTimeoutError(<HTTPSConnection(host='webanalyzer.com.ar', port=443) at 0x17807e3b650>, 'Connection to webanalyzer.com.ar timed out. (connect timeout=30)'))
2026-05-31 08:00:32,198 [WARNING]   WP fallo la publicacion del VS
2026-05-31 08:00:32,198 [INFO] === Resultado: FALLO ===

2026-05-31 08:01:32,198 [INFO] [2026-05-31 08:01:32] Ejecutando publicacion programada...
2026-05-31 08:01:32,198 [INFO] === Web Analyzer — Generador de contenido === 2026-05-31T08:01:32.198876
2026-05-31 08:01:32,200 [INFO] Tipo: VS
2026-05-31 08:01:32,202 [INFO] VS: El Cronista vs Ambito Financiero
2026-05-31 08:01:33,964 [INFO]   El Cronista: 7.2/10
2026-05-31 08:01:35,824 [INFO]   Ambito Financiero: 7.8/10
2026-05-31 08:01:35,887 [INFO]   Imagen VS generada: E:\DelMonte\web-analyzer\contenido_generado\el-cronistavsambito-financiero.png
2026-05-31 08:01:35,887 [INFO]   Publicando VS: Quien gana? El Cronista vs Ambito Financiero -- auditoria completa...
2026-05-31 08:01:56,928 [ERROR]   WP request: HTTPSConnectionPool(host='webanalyzer.com.ar', port=443): Max retries exceeded with url: /web/wp-json/wp/v2/media (Caused by ConnectTimeoutError(<HTTPSConnection(host='webanalyzer.com.ar', port=443) at 0x17807e3ab10>, 'Connection to webanalyzer.com.ar timed out. (connect timeout=30)'))
2026-05-31 08:01:56,929 [WARNING]   WP fallo la publicacion del VS
2026-05-31 08:01:56,929 [INFO] === Resultado: FALLO ===

2026-05-31 08:02:56,930 [INFO] [2026-05-31 08:02:56] Ejecutando publicacion programada...
2026-05-31 08:02:56,930 [INFO] === Web Analyzer — Generador de contenido === 2026-05-31T08:02:56.930668
2026-05-31 08:02:56,932 [INFO] Tipo: VS
2026-05-31 08:02:56,934 [INFO] VS: El Cronista vs Ambito Financiero
2026-05-31 08:02:58,249 [INFO]   El Cronista: 7.2/10
2026-05-31 08:03:00,225 [INFO]   Ambito Financiero: 7.8/10
2026-05-31 08:03:00,238 [INFO]   Imagen VS generada: E:\DelMonte\web-analyzer\contenido_generado\el-cronistavsambito-financiero.png
2026-05-31 08:03:00,239 [INFO]   Publicando VS: El Cronista vs Ambito Financiero: la batalla por el mejor sitio web...
2026-05-31 08:03:21,303 [ERROR]   WP request: HTTPSConnectionPool(host='webanalyzer.com.ar', port=443): Max retries exceeded with url: /web/wp-json/wp/v2/media (Caused by ConnectTimeoutError(<HTTPSConnection(host='webanalyzer.com.ar', port=443) at 0x17807f4ce90>, 'Connection to webanalyzer.com.ar timed out. (connect timeout=30)'))
2026-05-31 08:03:21,304 [WARNING]   WP fallo la publicacion del VS
2026-05-31 08:03:21,304 [INFO] === Resultado: FALLO ===

2026-05-31 08:04:21,305 [INFO] [2026-05-31 08:04:21] Ejecutando publicacion programada...
2026-05-31 08:04:21,305 [INFO] === Web Analyzer — Generador de contenido === 2026-05-31T08:04:21.305833
2026-05-31 08:04:21,306 [INFO] Tipo: VS
2026-05-31 08:04:21,309 [INFO] VS: El Cronista vs Ambito Financiero
2026-05-31 08:04:22,670 [INFO]   El Cronista: 7.2/10
2026-05-31 08:04:25,257 [INFO]   Ambito Financiero: 7.8/10
2026-05-31 08:04:25,287 [INFO]   Imagen VS generada: E:\DelMonte\web-analyzer\contenido_generado\el-cronistavsambito-financiero.png
2026-05-31 08:04:25,287 [INFO]   Publicando VS: Quien gana? El Cronista vs Ambito Financiero -- auditoria completa...
2026-05-31 08:04:46,328 [ERROR]   WP request: HTTPSConnectionPool(host='webanalyzer.com.ar', port=443): Max retries exceeded with url: /web/wp-json/wp/v2/media (Caused by ConnectTimeoutError(<HTTPSConnection(host='webanalyzer.com.ar', port=443) at 0x17807f6a410>, 'Connection to webanalyzer.com.ar timed out. (connect timeout=30)'))
2026-05-31 08:04:46,328 [WARNING]   WP fallo la publicacion del VS
2026-05-31 08:04:46,328 [INFO] === Resultado: FALLO ===

2026-05-31 20:00:46,949 [INFO] [2026-05-31 20:00:46] Ejecutando publicacion programada...
2026-05-31 20:00:46,978 [INFO] === Web Analyzer — Generador de contenido === 2026-05-31T20:00:46.978437
2026-05-31 20:00:47,111 [INFO] Tipo: VS
2026-05-31 20:00:47,113 [INFO] VS: Mercado Libre Argentina vs Mercado Libre Mexico
2026-05-31 20:00:49,192 [INFO]   Mercado Libre Argentina: 7.4/10
2026-05-31 20:00:52,693 [INFO]   Mercado Libre Mexico: 7.4/10
2026-05-31 20:00:52,788 [INFO]   Imagen VS generada: E:\DelMonte\web-analyzer\contenido_generado\mercado-libre-argentinavsmercado-libre-mexico.png
2026-05-31 20:00:52,790 [INFO]   Publicando VS: Mercado Libre Argentina vs Mercado Libre Mexico: que sitio esta mejor ...
2026-05-31 20:00:54,998 [INFO]   Imagen subida: ID 745
2026-05-31 20:00:58,037 [INFO]   Publicado: https://webanalyzer.com.ar/web/mercado-libre-argentinavsmercado-libre-mexico-2/
2026-05-31 20:00:58,067 [INFO]   OK: https://webanalyzer.com.ar/web/mercado-libre-argentinavsmercado-libre-mexico-2/
2026-05-31 20:00:58,073 [INFO] === Resultado: OK ===

2026-05-31 20:01:58,075 [INFO] [2026-05-31 20:01:58] Ejecutando publicacion programada...
2026-05-31 20:01:58,075 [INFO] === Web Analyzer — Generador de contenido === 2026-05-31T20:01:58.075189
2026-05-31 20:01:58,077 [INFO] Tipo: Auditoria
2026-05-31 20:01:58,079 [INFO] Intento 1/3: auditando www.tycsports.com (TyC Sports)
2026-05-31 20:01:59,995 [INFO]   Promedio: 7.0/10 | Categorias: 5
2026-05-31 20:02:00,116 [INFO]   Publicando: Scorecard de TyC Sports: 7.0 de 10. ¿El tuyo esta mejor?...
2026-05-31 20:02:01,931 [INFO]   Imagen subida: ID 751
2026-05-31 20:02:05,943 [INFO]   Publicado: https://webanalyzer.com.ar/web/tyc-sports-3/
2026-05-31 20:02:05,944 [INFO]   OK: https://webanalyzer.com.ar/web/tyc-sports-3/
2026-05-31 20:02:05,945 [INFO] === Resultado: OK ===

2026-05-31 20:03:05,948 [INFO] [2026-05-31 20:03:05] Ejecutando publicacion programada...
2026-05-31 20:03:05,948 [INFO] === Web Analyzer — Generador de contenido === 2026-05-31T20:03:05.948224
2026-05-31 20:03:05,950 [INFO] Tipo: Post educativo
2026-05-31 20:03:05,952 [INFO] Post educativo: Por que tu WordPress deberia usar un tema liviano...
2026-05-31 20:03:07,959 [INFO]   Imagen subida: ID 757
2026-05-31 20:03:10,758 [INFO]   Publicado: https://webanalyzer.com.ar/web/wordpress-tema-liviano-2/
2026-05-31 20:03:10,765 [INFO]   OK: https://webanalyzer.com.ar/web/wordpress-tema-liviano-2/
2026-05-31 20:03:10,765 [INFO] === Resultado: OK ===

2026-05-31 20:04:10,766 [INFO] [2026-05-31 20:04:10] Ejecutando publicacion programada...
2026-05-31 20:04:10,766 [INFO] === Web Analyzer — Generador de contenido === 2026-05-31T20:04:10.766157
2026-05-31 20:04:10,768 [INFO] Tipo: VS
2026-05-31 20:04:10,769 [INFO] VS: River Plate vs Boca Juniors
2026-05-31 20:04:13,084 [INFO]   River Plate: 3.2/10
2026-05-31 20:04:14,686 [INFO]   Boca Juniors: 6.0/10
2026-05-31 20:04:14,766 [INFO]   Imagen VS generada: E:\DelMonte\web-analyzer\contenido_generado\river-platevsboca-juniors.png
2026-05-31 20:04:14,767 [INFO]   Publicando VS: River Plate vs Boca Juniors: que sitio esta mejor optimizado?...
2026-05-31 20:04:16,686 [INFO]   Imagen subida: ID 763
2026-05-31 20:04:17,835 [INFO]   Publicado: https://webanalyzer.com.ar/web/river-platevsboca-juniors-2/
2026-05-31 20:04:17,841 [INFO]   OK: https://webanalyzer.com.ar/web/river-platevsboca-juniors-2/
2026-05-31 20:04:17,847 [INFO] === Resultado: OK ===

